date(shamsi),number of buy,number of sell,avg price buy,avg price sell
1399/05/01,48,0,15500,0
1399/07/20,0,48,0,24330
1398/09/12,2500,0,16050,0
1398/09/12,500,0,16060,0
1398/09/12,13472,0,16090,0
1398/09/12,10000,0,16099,0
1398/09/12,1500,0,16100,0
1398/09/12,100,0,16100,0
1398/09/12,20000,0,16100,0
1398/09/12,100,0,16100,0
1398/09/12,5000,0,16100,0
1398/09/12,3000,0,16120,0
1398/09/12,549,0,16120,0
1398/09/12,100,0,16198,0
1398/09/12,1000,0,16200,0
1398/09/12,1000,0,16200,0
1398/09/12,1999,0,16200,0
1398/09/12,500,0,16200,0
1398/09/12,338,0,16200,0
1398/09/12,5000,0,16200,0
1398/09/12,5000,0,16200,0
1398/09/12,215,0,16200,0
1398/09/12,10000,0,16200,0
1398/09/12,18127,0,16230,0
1399/02/21,0,10000,0,32201
1399/02/21,0,9241,0,32200
1399/02/21,0,3081,0,32200
1399/02/21,0,1600,0,32200
1399/02/21,0,160,0,32101
1399/02/21,0,2000,0,32101
1399/02/21,0,250,0,32101
1399/02/21,0,847,0,32101
1399/02/21,0,340,0,32101
1399/02/21,0,1000,0,32101
1399/02/21,0,500,0,32101
1399/02/21,0,3000,0,32101
1399/02/21,0,5000,0,32101
1399/02/21,0,200,0,32101
1399/02/21,0,264,0,32101
1399/02/21,0,200,0,32101
1399/02/21,0,1000,0,32101
1399/02/21,0,186,0,32101
1399/02/21,0,45000,0,32101
1399/02/21,0,15383,0,32101
1399/02/21,0,748,0,32101
1399/03/21,37729,0,16143,0
1399/03/21,500,0,16143,0
1399/03/21,61771,0,16143,0
1399/07/01,0,1700,0,19180
1399/07/01,0,2291,0,19170
1399/07/01,0,724,0,19170
1399/07/01,0,311,0,19170
1399/07/01,0,1559,0,19170
1399/07/01,0,300,0,19170
1399/07/01,0,3222,0,19170
1399/07/01,0,900,0,19170
1399/07/01,0,463,0,19170
1399/07/01,0,2000,0,19170
1399/07/01,0,1670,0,19170
1399/07/01,0,500,0,19170
1399/07/01,0,300,0,19170
1399/07/01,0,754,0,19170
1399/07/01,0,285,0,19170
1399/07/01,0,2598,0,19170
1399/07/01,0,2000,0,19170
1399/07/01,0,270,0,19170
1399/07/01,0,500,0,19170
1399/07/01,0,1000,0,19170
1399/07/01,0,26653,0,19170
1399/07/01,0,1000,0,19680
1399/07/01,0,49000,0,19680
1399/05/15,160,0,10400,0
1399/07/22,0,160,0,13130
1399/09/25,176,0,53510,0
1399/09/25,95,0,53510,0
1399/09/25,95,0,53510,0
1399/09/25,116,0,53510,0
1399/09/25,100,0,53510,0
1399/09/25,130,0,53510,0
1399/09/25,315,0,53510,0
1399/09/25,394,0,53510,0
1399/09/25,270,0,53510,0
1399/09/25,1000,0,53510,0
1399/09/25,444,0,53510,0
1399/09/25,500,0,53510,0
1399/09/25,1,0,53510,0
1399/09/25,1000,0,53510,0
1399/09/25,921,0,53510,0
1399/09/25,162,0,53510,0
1399/09/25,100,0,53510,0
1399/09/25,325,0,53510,0
1399/09/25,170,0,53510,0
1399/09/25,125,0,53510,0
1399/09/25,400,0,53510,0
1399/09/25,120,0,53510,0
1399/09/25,3000,0,53510,0
1399/09/25,6791,0,53510,0
1399/09/25,100,0,53510,0
1399/09/25,95,0,53510,0
1399/09/25,918,0,53510,0
1399/09/25,455,0,53510,0
1399/09/25,3790,0,53510,0
1399/09/25,221,0,53510,0
1399/09/25,2301,0,53510,0
1399/09/25,1500,0,53510,0
1399/09/25,400,0,53510,0
1399/09/25,200,0,53510,0
1399/09/25,120,0,53510,0
1399/09/25,200,0,53510,0
1399/09/25,140,0,53510,0
1399/09/25,73,0,53510,0
1399/09/25,3831,0,53510,0
1399/09/25,95,0,53510,0
1399/09/25,1009,0,53510,0
1399/09/25,226,0,53510,0
1399/09/25,25,0,53510,0
1399/09/25,300,0,53510,0
1399/09/25,757,0,53510,0
1399/09/25,193,0,53510,0
1399/09/25,1000,0,53510,0
1399/09/25,130,0,53510,0
1399/09/25,240,0,53510,0
1399/09/25,600,0,53510,0
1399/09/25,300,0,53510,0
1399/09/25,319,0,53510,0
1399/09/25,660,0,53510,0
1399/09/25,2315,0,53510,0
1399/09/25,77,0,53510,0
1399/09/25,1500,0,53510,0
1399/09/25,225,0,53510,0
1399/09/25,1000,0,53510,0
1399/09/25,1150,0,53510,0
1399/09/25,2064,0,53510,0
1399/09/25,120,0,53510,0
1399/09/25,160,0,53510,0
1399/09/25,1500,0,53510,0
1399/09/25,110,0,53510,0
1399/09/25,100,0,53510,0
1399/09/25,45,0,53510,0
1399/09/25,1000,0,53510,0
1399/09/25,120,0,53510,0
1399/09/25,3000,0,53510,0
1399/09/25,200,0,53510,0
1399/09/25,50,0,53510,0
1399/09/25,1336,0,53510,0
1399/09/25,1190,0,53510,0
1399/09/25,135,0,53510,0
1399/09/25,854,0,53510,0
1399/09/25,1,0,53510,0
1399/09/25,1000,0,53510,0
1399/09/25,200,0,53510,0
1399/09/25,150,0,53510,0
1399/09/25,3000,0,53510,0
1399/09/25,926,0,53510,0
1399/09/25,1009,0,53510,0
1399/09/25,95,0,53510,0
1399/09/25,100,0,53510,0
1399/09/25,9777,0,53510,0
1399/10/01,0,1074,0,46350
1399/10/01,0,17,0,46350
1399/10/01,0,750,0,46350
1399/10/01,0,8159,0,46350
1399/10/06,0,3459,0,51670
1399/10/06,0,1541,0,51670
1399/10/06,0,10094,0,50600
1399/10/06,0,200,0,50600
1399/10/06,0,525,0,50600
1399/10/08,0,1430,0,49390
1399/10/08,0,9799,0,49400
1399/10/08,0,102,0,49400
1399/10/08,0,99,0,49400
1399/10/08,0,110,0,49400
1399/10/08,0,110,0,49400
1399/10/08,0,1,0,49400
1399/10/09,0,2500,0,47570
1399/10/09,0,1675,0,47570
1399/10/09,0,825,0,47570
1399/10/09,0,2192,0,47570
1399/10/09,0,200,0,47570
1399/10/09,0,1345,0,47570
1399/10/09,0,1263,0,47570
1399/10/09,0,5000,0,47570
1399/10/09,0,3384,0,48850
1399/10/09,0,4877,0,48770
1399/10/09,0,400,0,48770
1399/10/09,0,367,0,47800
1399/10/09,0,1607,0,47770
1399/10/09,0,200,0,47760
1399/10/09,0,5728,0,47760
1399/10/09,0,200,0,47710
1399/10/09,0,2000,0,47670
1399/10/09,0,110,0,47670
1399/10/09,0,114,0,47670
1399/09/19,78,0,41430,0
1400/08/10,0,78,0,71670
1399/08/28,6620,0,236300,0
1399/08/28,1000,0,236300,0
1399/08/28,321,0,236300,0
1399/08/28,265,0,236300,0
1399/08/28,135,0,236300,0
1399/08/28,60,0,236300,0
1399/08/28,10,0,236300,0
1399/09/01,1410,0,237730,0
1399/09/01,270,0,237730,0
1399/09/01,112,0,237730,0
1399/09/01,105,0,237730,0
1399/09/01,26,0,237730,0
1399/09/01,29,0,237730,0
1399/09/01,649,0,237730,0
1399/09/01,1000,0,237730,0
1399/09/01,500,0,237730,0
1399/09/01,100,0,237730,0
1399/09/01,149,0,237730,0
1399/09/01,141,0,237730,0
1399/09/01,1250,0,237730,0
1399/09/01,212,0,237730,0
1399/09/01,100,0,237730,0
1399/09/01,150,0,237730,0
1399/09/01,170,0,237730,0
1399/09/01,628,0,237730,0
1399/09/01,525,0,237730,0
1399/09/03,0,1471,0,240000
1399/09/03,0,100,0,240000
1399/09/03,0,215,0,240000
1399/09/03,0,214,0,240000
1399/09/03,0,2000,0,242500
1399/09/03,0,68,0,240000
1399/09/03,0,120,0,240000
1399/09/03,0,1812,0,240000
1399/09/03,0,1757,0,241000
1399/09/03,0,243,0,241000
1399/09/03,0,2000,0,234950
1399/09/03,0,32,0,234800
1399/09/03,0,252,0,234800
1399/09/03,0,1000,0,233990
1399/09/03,0,1716,0,233980
1399/09/03,0,2937,0,236900
1399/01/26,2321,0,6199,0
1399/01/26,1019,0,6200,0
1399/01/26,30000,0,6200,0
1399/01/26,50000,0,6200,0
1399/01/26,10000,0,6200,0
1399/01/26,6660,0,6200,0
1399/01/26,3340,0,6200,0
1399/01/26,1524,0,6200,0
1399/01/26,2000,0,6200,0
1399/01/26,800,0,6200,0
1399/01/26,5000,0,6200,0
1399/01/26,20000,0,6200,0
1399/01/26,1000,0,6200,0
1399/01/26,5000,0,6200,0
1399/01/26,850,0,6200,0
1399/01/26,4000,0,6200,0
1399/01/26,41000,0,6200,0
1399/01/26,15486,0,6200,0
1399/01/26,84514,0,6200,0
1399/01/26,1000,0,6200,0
1399/01/26,1200,0,6200,0
1399/01/26,13286,0,6200,0
1399/01/26,3555,0,6200,0
1399/01/26,10000,0,6200,0
1399/01/26,20000,0,6210,0
1399/01/26,5000,0,6210,0
1399/01/26,1500,0,6210,0
1399/01/26,100,0,6212,0
1399/01/26,3000,0,6220,0
1399/01/26,40000,0,6220,0
1399/01/26,1000,0,6220,0
1399/01/26,750,0,6220,0
1399/01/26,250,0,6220,0
1399/01/26,500,0,6220,0
1399/01/26,14345,0,6220,0
1399/01/26,50000,0,6220,0
1399/02/24,0,2500,0,9970
1399/02/24,0,24288,0,9953
1399/02/24,0,10000,0,9953
1399/02/24,0,540,0,9951
1399/02/24,0,5000,0,9951
1399/02/24,0,2045,0,9951
1399/02/24,0,1000,0,9951
1399/02/24,0,4627,0,9951
1399/02/24,0,12,0,9950
1399/02/24,0,800,0,9950
1399/02/24,0,4001,0,9950
1399/02/24,0,3000,0,9950
1399/02/24,0,1000,0,9950
1399/02/24,0,1891,0,9950
1399/02/24,0,3085,0,9950
1399/02/24,0,3000,0,9950
1399/02/24,0,1001,0,9950
1399/02/24,0,5001,0,9950
1399/02/24,0,560,0,9950
1399/02/24,0,600,0,9950
1399/02/24,0,2000,0,9950
1399/02/24,0,2525,0,9912
1399/02/24,0,935,0,9910
1399/02/24,0,3800,0,9910
1399/02/24,0,5000,0,9910
1399/02/24,0,1004,0,9910
1399/02/24,0,510,0,9910
1399/02/24,0,6026,0,9910
1399/02/24,0,552,0,9910
1399/02/24,0,5000,0,9910
1399/02/24,0,1100,0,9910
1399/02/24,0,4981,0,9910
1399/02/24,0,1100,0,9910
1399/02/24,0,683,0,9910
1399/02/24,0,1000,0,9910
1399/02/24,0,44990,0,9900
1399/02/24,0,6359,0,9900
1399/02/24,0,34024,0,9900
1399/02/24,0,4627,0,9900
1399/02/24,0,10000,0,9900
1399/02/30,0,94315,0,8831
1399/02/30,0,5685,0,8831
1399/02/30,0,94315,0,8831
1399/02/30,0,5685,0,8831
1399/02/30,0,32453,0,8831
1399/02/30,0,3000,0,8831
1399/02/30,0,1000,0,8831
1399/02/30,0,120,0,8831
1399/02/30,0,2028,0,8831
1399/02/30,0,1232,0,8831
1398/12/14,421,0,3400,0
1399/03/06,0,421,0,9900
1400/06/03,5245,0,5731,0
1400/06/03,1159,0,5740,0
1400/06/03,4093,0,5740,0
1400/06/03,330,0,5730,0
1400/06/03,3174,0,5730,0
1400/06/03,8677,0,5740,0
1400/06/03,171,0,5741,0
1400/06/03,2162,0,5750,0
1400/06/03,109,0,5757,0
1400/06/03,2132,0,5757,0
1400/06/03,5000,0,5757,0
1400/06/03,630,0,5757,0
1400/06/03,790,0,5757,0
1400/06/03,1137,0,5757,0
1400/06/16,0,4000,0,6080
1400/06/16,0,1815,0,6070
1400/06/16,0,2221,0,6070
1400/06/16,0,1000,0,6070
1400/06/16,0,2000,0,6070
1400/06/16,0,2964,0,6070
1400/06/16,0,5000,0,6070
1400/06/16,0,3742,0,6070
1400/06/16,0,912,0,6070
1400/06/16,0,346,0,6070
1400/06/16,0,4000,0,6070
1400/06/27,0,4000,0,5090
1400/06/27,0,2809,0,5090
1399/09/18,75000,0,36900,0
1399/09/18,25000,0,36900,0
1399/09/23,0,849,0,36340
1399/09/23,0,300,0,36340
1399/09/23,0,6000,0,36340
1399/09/23,0,2851,0,36340
1399/09/23,0,822,0,36370
1399/09/23,0,4270,0,36370
1399/09/23,0,4908,0,36370
1399/09/23,0,152,0,35690
1399/09/23,0,200,0,35690
1399/09/23,0,5000,0,35690
1399/09/23,0,4771,0,35820
1399/09/23,0,5229,0,35820
1399/09/23,0,3487,0,36000
1399/09/23,0,1797,0,35990
1399/09/23,0,240,0,35990
1399/09/23,0,4476,0,35990
1399/09/23,0,10000,0,36000
1399/09/23,0,240,0,36000
1399/09/23,0,600,0,36000
1399/09/23,0,6744,0,36000
1399/09/23,0,1000,0,36000
1399/09/23,0,580,0,36000
1399/09/23,0,400,0,36000
1399/09/23,0,200,0,36000
1399/09/23,0,200,0,36000
1399/09/23,0,36,0,36000
1399/09/23,0,500,0,36190
1399/09/23,0,4392,0,36190
1399/09/23,0,5108,0,36190
1399/09/23,0,3411,0,36200
1399/09/23,0,1000,0,36200
1399/09/23,0,160,0,36200
1399/09/23,0,282,0,36200
1399/09/23,0,1876,0,36200
1399/09/23,0,6560,0,36000
1399/09/23,0,3440,0,36000
1399/09/23,0,275,0,36200
1399/09/23,0,2996,0,36200
1399/09/23,0,4648,0,36190
1399/10/02,126485,0,13050,0
1399/10/09,0,1977,0,12810
1399/10/09,0,500,0,12810
1399/10/09,0,395,0,12810
1399/10/09,0,3100,0,12810
1399/10/09,0,3000,0,12810
1399/10/09,0,1028,0,12810
1399/10/09,0,10000,0,12810
1399/10/09,0,20000,0,13000
1399/10/09,0,6329,0,13100
1399/10/09,0,3671,0,13100
1399/10/09,0,1850,0,13120
1399/10/09,0,1638,0,13120
1399/10/09,0,13440,0,13120
1399/10/09,0,3072,0,13120
1399/10/09,0,1735,0,13300
1399/10/09,0,18265,0,13300
1399/10/09,0,36485,0,13170
1399/11/07,3432,0,57030,0
1399/11/07,1000,0,57030,0
1399/11/07,1030,0,57030,0
1399/11/07,25563,0,57030,0
1399/11/11,0,15000,0,52020
1399/11/11,0,1545,0,52980
1399/11/11,0,455,0,52980
1399/11/11,0,485,0,52980
1399/11/11,0,140,0,52900
1399/11/11,0,329,0,52040
1399/11/11,0,117,0,52040
1399/11/11,0,350,0,52040
1399/11/12,0,2697,0,51370
1399/11/12,0,303,0,51370
1399/11/12,0,3000,0,52660
1399/11/12,0,110,0,52490
1399/11/12,0,115,0,52500
1399/11/13,0,6379,0,48960
1399/06/19,864,0,1750,0
1399/07/20,0,864,0,3000
1399/05/22,669,0,2200,0
1399/07/01,0,669,0,4190
1399/04/25,51000,0,4300,0
1399/04/25,115000,0,4300,0
1399/04/25,23485,0,4300,0
1399/04/25,5000,0,4300,0
1399/04/25,59860,0,4300,0
1399/04/25,10000,0,4300,0
1399/04/25,5000,0,4300,0
1399/04/25,130655,0,4300,0
1399/04/25,0,3000,0,4290
1399/04/25,0,3000,0,4290
1399/04/25,0,1200,0,4290
1399/04/25,0,2755,0,4290
1399/04/25,0,5000,0,4290
1399/04/25,0,2500,0,4290
1399/04/25,0,2122,0,4290
1399/04/25,0,1200,0,4290
1399/04/25,0,2500,0,4290
1399/04/25,0,53000,0,4290
1399/04/25,0,11352,0,4290
1399/04/25,0,15500,0,4290
1399/04/25,0,4576,0,4290
1399/04/25,0,5542,0,4290
1399/04/25,0,2000,0,4290
1399/04/25,0,1200,0,4290
1399/04/25,0,47000,0,4290
1399/04/25,0,5000,0,4290
1399/04/25,0,70000,0,4290
1399/04/25,0,1800,0,4290
1399/04/25,0,5000,0,4290
1399/04/25,0,11573,0,4290
1399/04/25,0,27769,0,4290
1399/04/28,8751,0,4060,0
1399/04/28,7700,0,4060,0
1399/04/28,2337,0,4060,0
1399/04/28,287598,0,4060,0
1399/04/28,45487,0,4060,0
1399/04/28,260899,0,4060,0
1399/07/20,171037,0,2940,0
1399/07/20,21197,0,2940,0
1399/07/20,69570,0,2940,0
1399/07/20,35000,0,2940,0
1399/07/20,4000,0,2940,0
1399/07/20,27997,0,2940,0
1399/07/20,19000,0,2940,0
1399/07/20,10000,0,2940,0
1399/07/20,16204,0,2940,0
1399/07/22,0,200000,0,3050
1399/07/22,0,201974,0,2970
1399/07/22,0,100000,0,2970
1399/07/22,0,33887,0,2970
1399/07/22,0,10000,0,2970
1399/07/22,0,33545,0,2970
1399/07/22,0,4828,0,2970
1399/07/22,0,15766,0,2970
1399/07/30,0,74794,0,2520
1399/07/30,0,3000,0,2520
1399/07/30,0,2100,0,2520
1399/07/30,0,6800,0,2520
1399/07/30,0,3000,0,2520
1399/07/30,0,100000,0,2520
1399/07/30,0,5000,0,2520
1399/07/30,0,15810,0,2520
1399/07/30,0,14283,0,2520
1399/07/30,0,21784,0,2520
1399/07/30,0,20000,0,2520
1399/07/30,0,2000,0,2520
1399/07/30,0,5000,0,2520
1399/07/30,0,10000,0,2520
1399/07/30,0,5000,0,2520
1399/07/30,0,4985,0,2520
1399/07/30,0,3000,0,2520
1399/07/30,0,3444,0,2520
1399/07/30,0,71999,0,2470
1399/07/30,0,51085,0,2460
1399/07/30,0,2500,0,2460
1399/07/30,0,10000,0,2460
1399/07/30,0,3500,0,2460
1399/07/30,0,48489,0,2460
1399/07/30,0,5000,0,2460
1399/07/30,0,9615,0,2460
1398/12/04,30000,0,4500,0
1398/12/04,30000,0,4500,0
1398/12/04,40000,0,4500,0
1398/12/04,71304,0,4520,0
1398/12/04,10000,0,4520,0
1398/12/04,10,0,4559,0
1398/12/04,41180,0,4579,0
1398/12/04,1500,0,4580,0
1398/12/04,2000,0,4580,0
1398/12/04,50000,0,4580,0
1398/12/04,4000,0,4580,0
1398/12/04,1310,0,4580,0
1398/12/04,190,0,4580,0
1398/12/04,500,0,4580,0
1398/12/04,1540,0,4580,0
1398/12/04,10000,0,4580,0
1398/12/04,5900,0,4582,0
1398/12/04,1000,0,4582,0
1398/12/04,7000,0,4582,0
1398/12/04,15000,0,4582,0
1398/12/04,15000,0,4582,0
1398/12/04,15000,0,4582,0
1398/12/04,15000,0,4582,0
1398/12/04,13870,0,4582,0
1398/12/13,0,990,0,4820
1398/12/13,0,411,0,4816
1398/12/13,0,12600,0,4816
1398/12/13,0,2000,0,4815
1398/12/13,0,2000,0,4809
1398/12/13,0,2792,0,4800
1398/12/13,0,250,0,4800
1398/12/13,0,3349,0,4800
1398/12/13,0,151,0,4800
1398/12/13,0,2000,0,4800
1398/12/13,0,1500,0,4800
1398/12/13,0,500,0,4800
1398/12/13,0,10368,0,4800
1398/12/13,0,3000,0,4800
1398/12/13,0,12481,0,4800
1398/12/13,0,24392,0,4800
1398/12/13,0,30000,0,4800
1398/12/13,0,30000,0,4800
1398/12/13,0,30000,0,4800
1398/12/13,0,24392,0,4800
1398/12/13,0,30000,0,4800
1398/12/13,0,13035,0,4800
1398/12/13,0,250,0,4800
1398/12/13,0,413,0,4800
1398/12/13,0,12441,0,4800
1398/12/13,0,3861,0,4800
1398/12/13,0,30000,0,4800
1398/12/13,0,8128,0,4800
1398/12/13,0,28993,0,4800
1398/12/13,0,1000,0,4800
1398/12/13,0,7,0,4800
1398/12/13,0,30000,0,4800
1398/12/13,0,823,0,4800
1398/12/13,0,9177,0,4800
1398/12/13,0,10000,0,4800
1398/12/13,0,10000,0,4800
1398/06/24,81180,0,7220,0
1398/06/24,18820,0,7220,0
1398/06/24,44931,0,7220,0
1398/08/18,94407,0,8134,0
1398/08/18,5593,0,8134,0
1398/08/18,4407,0,8134,0
1398/08/18,45593,0,8134,0
1398/09/19,0,145,0,9198
1398/09/19,0,145,0,9198
1398/09/19,0,2112,0,9198
1398/09/19,0,114,0,9196
1398/09/19,0,6000,0,9195
1398/09/19,0,300,0,9191
1398/09/19,0,300,0,9191
1398/09/19,0,2128,0,9190
1398/09/19,0,822,0,9190
1398/09/19,0,119,0,9190
1398/09/19,0,800,0,9190
1398/09/19,0,1370,0,9190
1398/09/19,0,2000,0,9190
1398/09/19,0,4950,0,9190
1398/09/19,0,20000,0,9190
1398/09/19,0,840,0,9190
1398/09/19,0,1500,0,9190
1398/09/19,0,280,0,9190
1398/09/19,0,500,0,9190
1398/09/19,0,6100,0,9189
1398/09/19,0,1000,0,9189
1398/09/19,0,433,0,9187
1398/09/19,0,10000,0,9183
1398/09/19,0,500,0,9180
1398/09/19,0,200,0,9180
1398/09/19,0,110,0,9180
1398/09/19,0,795,0,9180
1398/09/19,0,400,0,9180
1398/09/19,0,8674,0,9180
1398/09/19,0,110,0,9180
1398/09/19,0,10000,0,9170
1398/09/19,0,150,0,9170
1398/09/19,0,110,0,9170
1398/09/19,0,5000,0,9170
1398/09/19,0,6924,0,9170
1398/09/26,0,1611,0,9402
1398/09/26,0,38389,0,9401
1398/11/28,0,50900,0,10325
1398/11/28,0,9000,0,10325
1398/11/28,0,100,0,10325
1398/11/28,0,4638,0,10328
1398/11/28,0,6990,0,10325
1398/11/28,0,5000,0,10325
1398/11/28,0,1000,0,10325
1398/11/28,0,1443,0,10325
1398/11/28,0,110,0,10325
1398/11/28,0,110,0,10324
1398/11/28,0,1000,0,10324
1398/11/28,0,1100,0,10323
1398/11/28,0,2000,0,10323
1398/11/28,0,4000,0,10323
1398/11/28,0,1935,0,10323
1398/11/28,0,240,0,10323
1398/11/28,0,482,0,10322
1398/11/28,0,23000,0,10322
1398/11/28,0,200,0,10322
1398/11/28,0,2000,0,10322
1398/11/28,0,5000,0,10322
1398/11/28,0,200,0,10322
1398/11/28,0,5000,0,10322
1398/11/28,0,500,0,10322
1398/11/28,0,500,0,10322
1398/11/28,0,1000,0,10322
1398/11/28,0,155,0,10322
1398/11/28,0,1928,0,10322
1398/11/28,0,10000,0,10322
1398/11/28,0,1000,0,10322
1398/11/28,0,570,0,10322
1398/11/28,0,482,0,10322
1398/11/28,0,9000,0,10322
1398/11/28,0,1300,0,10322
1398/11/28,0,8117,0,10322
1399/04/25,400000,0,6410,0
1399/04/25,40000,0,6410,0
1399/04/25,9386,0,5890,0
1399/04/25,19288,0,5890,0
1399/07/08,0,136143,0,2610
1399/07/08,0,63857,0,2610
1399/07/20,278000,0,3580,0
1399/07/20,212495,0,3580,0
1399/07/20,1980,0,3580,0
1399/07/20,15000,0,3580,0
1399/07/20,48525,0,3580,0
1399/07/20,186420,0,3580,0
1399/07/20,8000,0,3580,0
1399/07/20,6894,0,3580,0
1399/07/20,95355,0,3580,0
1399/07/20,30000,0,3580,0
1399/07/20,73331,0,3580,0
1399/07/20,227897,0,3580,0
1399/07/20,2000,0,3580,0
1399/07/20,91817,0,3580,0
1399/07/20,78286,0,3580,0
1399/07/28,0,155799,0,3360
1399/07/28,0,244201,0,3360
1399/07/30,0,33055,0,3350
1399/07/30,0,20000,0,3350
1399/07/30,0,33534,0,3350
1399/07/30,0,10000,0,3350
1399/07/30,0,59480,0,3350
1399/07/30,0,1510,0,3350
1399/07/30,0,100000,0,3350
1399/07/30,0,15000,0,3350
1399/07/30,0,8700,0,3350
1399/07/30,0,1778,0,3350
1399/07/30,0,6573,0,3350
1399/07/30,0,110370,0,3350
1399/07/30,0,111921,0,3290
1399/07/30,0,1550,0,3290
1399/07/30,0,2000,0,3290
1399/07/30,0,284529,0,3290
1399/07/30,0,115471,0,3290
1399/07/30,0,284529,0,3290
1399/07/30,0,24674,0,3270
1399/01/18,46055,0,8610,0
1399/01/18,1000,0,8610,0
1399/01/18,19060,0,8611,0
1399/01/18,11453,0,8614,0
1399/01/18,186,0,8700,0
1399/01/18,20000,0,8750,0
1399/01/18,955,0,8755,0
1399/01/18,1291,0,8759,0
1399/01/18,1113,0,8759,0
1399/02/10,0,70011,0,11098
1399/02/10,0,1250,0,11098
1399/02/10,0,2000,0,11098
1399/02/10,0,735,0,11098
1399/02/10,0,20000,0,11098
1399/02/10,0,6004,0,11098
1399/02/10,0,1113,0,11098
1399/08/26,0,200,0,189990
1399/03/07,58,0,65119,0
1399/05/01,0,58,0,124101
1400/03/11,17672,0,11274,0
1400/04/16,0,2000,0,14789
1400/04/16,0,1000,0,14850
1400/04/16,0,1000,0,14850
1400/04/16,0,2000,0,14900
1400/04/23,0,3000,0,14480
1400/04/27,0,2000,0,13690
1400/04/27,0,1000,0,13700
1400/04/27,0,370,0,13699
1400/04/27,0,630,0,13699
1400/04/27,0,1000,0,13700
1400/04/27,0,3672,0,13669
1400/06/07,5104,0,19257,0
1400/06/07,69,0,19257,0
1400/06/27,0,2000,0,16200
1400/06/27,0,3173,0,16048
1400/07/10,3737,0,15867,0
1400/07/10,3642,0,15884,0
1400/07/10,5000,0,15884,0
1400/07/10,10000,0,15890,0
1400/07/10,442,0,15896,0
1400/07/10,30711,0,15900,0
1400/07/10,50000,0,15900,0
1400/07/10,1598,0,15900,0
1400/07/20,0,20000,0,15100
1400/07/20,0,2100,0,15078
1400/07/20,0,2000,0,15064
1400/07/20,0,1000,0,15063
1400/07/20,0,350,0,15063
1400/07/20,0,24550,0,15063
1400/07/20,0,528,0,15078
1400/07/20,0,27542,0,15063
1400/07/20,0,1930,0,15063
1400/07/20,0,340,0,15062
1400/07/20,0,1660,0,15021
1400/07/20,0,2562,0,15020
1400/07/20,0,5970,0,15020
1400/07/20,0,5564,0,15018
1400/07/20,0,344,0,15018
1400/07/20,0,3560,0,15000
1400/07/20,0,2000,0,14952
1400/07/20,0,500,0,14952
1400/07/20,0,262,0,14951
1400/07/20,0,2368,0,14950
1399/08/25,75545,0,21105,0
1399/08/25,0,30000,0,20370
1399/08/26,0,10000,0,19999
1399/08/26,0,759,0,20430
1399/08/26,0,2000,0,20430
1399/08/26,0,400,0,20430
1399/08/28,0,32386,0,19778
1399/06/12,78,0,18500,0
1399/07/20,0,78,0,25480
1399/05/08,50,0,24000,0
1399/07/20,0,50,0,32150
1399/09/04,7034,0,1000,0
1400/08/18,58,0,750000,0
1400/08/18,166,0,750000,0
1399/09/02,194698,0,6649,0
1399/09/02,0,1000,0,7710
1399/09/02,0,640,0,7710
1399/09/02,0,4093,0,7710
1399/09/02,0,1500,0,7710
1399/09/02,0,23624,0,7710
1399/09/02,0,8741,0,7710
1399/09/02,0,7022,0,7710
1399/09/02,0,4500,0,7710
1399/09/02,0,20000,0,7710
1399/09/02,0,1000,0,7710
1399/09/02,0,8718,0,7710
1399/09/02,0,2500,0,7710
1399/09/02,0,23261,0,7710
1399/09/02,0,2020,0,7710
1399/09/02,0,15758,0,7710
1399/09/02,0,70321,0,7710
1398/06/24,7407,0,8218,0
1398/06/24,9000,0,8250,0
1398/06/24,2000,0,8299,0
1398/06/24,2000,0,8300,0
1398/06/24,328,0,8300,0
1398/06/24,959,0,8300,0
1398/06/24,3375,0,8300,0
1398/06/24,29320,0,8330,0
1398/06/24,20000,0,8218,0
1398/06/24,300,0,8218,0
1398/06/24,700,0,8218,0
1398/06/24,500,0,8335,0
1398/06/24,500,0,8335,0
1398/06/24,68761,0,8336,0
1398/06/24,2143,0,8335,0
1398/06/24,500,0,8335,0
1398/06/24,2357,0,8336,0
1398/07/16,0,46510,0,8091
1398/07/16,0,53490,0,8091
1398/07/16,0,46510,0,8091
1398/07/16,0,3640,0,8091
1398/09/19,2000,0,5410,0
1398/09/19,2420,0,5410,0
1398/09/19,600,0,5410,0
1398/09/19,5000,0,5410,0
1398/09/19,18666,0,5500,0
1398/09/19,1143,0,5500,0
1398/09/19,10000,0,5500,0
1398/09/19,1400,0,5512,0
1398/09/19,1000,0,5520,0
1398/09/19,6000,0,5520,0
1398/09/19,11791,0,5520,0
1398/09/19,31551,0,5520,0
1398/09/19,1000,0,5520,0
1398/09/19,7339,0,5530,0
1398/10/17,0,49279,0,6877
1398/10/17,0,721,0,6877
1398/10/17,0,221,0,6877
1398/10/17,0,30000,0,6876
1398/10/17,0,19689,0,6876
1399/08/05,1343,0,31290,0
1399/08/05,4018,0,31300,0
1399/08/05,170,0,31300,0
1399/08/05,3114,0,31300,0
1399/08/05,642,0,31300,0
1399/08/05,2000,0,31300,0
1399/08/05,378,0,31300,0
1399/08/05,4000,0,31300,0
1399/08/05,2500,0,31300,0
1399/08/05,10000,0,31300,0
1399/08/05,350,0,31300,0
1399/08/05,6841,0,31400,0
1399/08/05,333,0,31400,0
1399/08/05,1474,0,31450,0
1399/08/05,162837,0,31460,0
1399/08/12,0,3268,0,34069
1399/08/12,0,100000,0,34069
1399/08/12,0,1041,0,34069
1399/08/12,0,1940,0,34069
1399/08/12,0,1462,0,34069
1399/08/12,0,2047,0,34069
1399/08/12,0,2573,0,34069
1399/08/12,0,600,0,34069
1399/08/12,0,700,0,34069
1399/08/12,0,818,0,34069
1399/08/12,0,1000,0,34069
1399/08/12,0,148,0,34069
1399/08/12,0,149,0,34069
1399/08/12,0,147,0,34069
1399/08/12,0,180,0,34069
1399/08/12,0,5406,0,34069
1399/08/12,0,200,0,34069
1399/08/12,0,149,0,34069
1399/08/12,0,157,0,34069
1399/08/12,0,610,0,34069
1399/08/12,0,8200,0,34069
1399/08/12,0,149,0,34069
1399/08/19,0,69056,0,30913
1400/06/23,0,4741,0,3156
1400/06/23,0,259,0,3156
1400/06/23,0,232,0,3155
1400/06/23,0,1802,0,3155
1398/07/21,65,0,23000,0
1398/08/12,0,65,0,28950
1399/04/21,8903,0,38386,0
1399/04/21,2700,0,38386,0
1399/04/21,1289,0,38386,0
1399/04/21,73,0,38386,0
1399/06/24,0,12965,0,41760
1399/06/30,10923,0,48789,0
1399/06/30,9495,0,48789,0
1399/07/20,0,20418,0,53800
1399/04/25,6,0,25000,0
1399/05/01,0,6,0,27032
1399/02/07,1907,0,97999,0
1399/02/07,14836,0,98000,0
1399/02/07,311,0,98000,0
1399/02/07,317,0,98000,0
1399/02/07,3000,0,98000,0
1399/02/07,1000,0,98300,0
1399/02/07,250,0,98400,0
1399/02/07,100,0,98400,0
1399/02/07,1040,0,98490,0
1399/02/13,6568,0,117054,0
1399/02/21,222,0,132000,0
1399/02/21,176,0,132000,0
1399/02/21,40,0,132000,0
1399/02/21,515,0,132000,0
1399/02/21,3718,0,132000,0
1399/03/03,1200,0,110173,0
1399/04/11,0,2822,0,178998
1399/04/24,0,4997,0,181484
1399/04/24,0,400,0,181484
1399/04/24,0,100,0,181484
1399/04/24,0,2824,0,181484
1399/04/24,0,100,0,181484
1399/04/24,0,35,0,181484
1399/04/24,0,30,0,181484
1399/04/24,0,30,0,181484
1399/04/24,0,30,0,181484
1399/04/24,0,195,0,181484
1399/04/24,0,54,0,181484
1399/04/24,0,148,0,181484
1399/04/24,0,32,0,181484
1399/04/24,0,53,0,181484
1399/04/24,0,150,0,181484
1399/04/24,0,50,0,181484
1399/04/24,0,164,0,181484
1399/04/24,0,28,0,181484
1399/04/24,0,500,0,181484
1399/04/24,0,50,0,181484
1399/04/24,0,300,0,181484
1399/04/24,0,109,0,181484
1399/04/24,0,50,0,181484
1399/04/24,0,54,0,181484
1399/04/24,0,50,0,181484
1399/04/24,0,50,0,181484
1399/04/24,0,100,0,181484
1399/04/24,0,28,0,181484
1399/04/24,0,381,0,181484
1399/04/24,0,800,0,181484
1399/04/24,0,50,0,181484
1399/04/24,0,1000,0,181484
1399/04/24,0,273,0,181484
1399/04/24,0,50,0,181484
1399/04/24,0,50,0,181484
1399/04/24,0,54,0,181484
1399/04/24,0,40,0,181484
1399/04/24,0,50,0,181484
1399/04/24,0,100,0,181484
1399/04/24,0,80,0,181484
1399/04/24,0,822,0,181484
1399/04/24,0,30,0,181484
1399/04/24,0,2700,0,181484
1399/04/24,0,100,0,181484
1399/04/24,0,180,0,181484
1399/04/24,0,60,0,181484
1399/04/24,0,30,0,181484
1399/04/24,0,200,0,181484
1399/04/24,0,110,0,181484
1399/04/24,0,550,0,181484
1399/04/24,0,30,0,181484
1399/04/24,0,120,0,181484
1399/04/24,0,50,0,181484
1399/04/24,0,54,0,181484
1399/04/24,0,109,0,181484
1399/04/24,0,250,0,181484
1399/04/24,0,30,0,181484
1399/04/24,0,80,0,181484
1399/04/24,0,50,0,181484
1399/04/24,0,13022,0,181484
1399/04/28,0,150,0,173900
1399/04/28,0,12,0,173900
1399/09/09,18792,0,55000,0
1399/09/11,0,4283,0,46520
1399/09/11,0,4150,0,48000
1399/09/11,0,4248,0,47000
1399/09/11,0,4150,0,47000
1399/09/11,0,244,0,47990
1399/09/11,0,1717,0,47790
1399/05/22,7,0,21000,0
1399/07/20,0,7,0,47662
1398/12/21,37,0,23500,0
1399/04/28,0,37,0,123979
1399/09/03,200000,0,6435,0
1399/09/08,0,6778,0,5884
1399/09/08,0,1000,0,5884
1399/09/08,0,1000,0,5881
1399/09/08,0,10000,0,5881
1399/09/08,0,10000,0,5881
1399/09/08,0,4997,0,5881
1399/09/08,0,16225,0,5881
1399/09/08,0,5619,0,5882
1399/09/08,0,1000,0,5882
1399/09/08,0,5251,0,5882
1399/09/08,0,27000,0,5882
1399/09/08,0,860,0,5881
1399/09/08,0,12474,0,5880
1399/09/08,0,1690,0,5880
1399/09/08,0,864,0,5880
1399/09/08,0,1000,0,5880
1399/09/08,0,1120,0,5880
1399/09/08,0,2000,0,5880
1399/09/08,0,23000,0,5880
1399/09/08,0,4000,0,5880
1399/09/08,0,2000,0,5880
1399/09/08,0,5000,0,5880
1399/09/08,0,1701,0,5880
1399/09/08,0,880,0,5880
1399/09/08,0,1694,0,5880
1399/09/08,0,1000,0,5880
1399/09/08,0,14000,0,5880
1399/09/08,0,860,0,5880
1399/09/08,0,1000,0,5880
1399/09/08,0,6000,0,5880
1399/09/08,0,29987,0,5880
1398/09/02,4455,0,5529,0
1398/09/02,4566,0,5530,0
1398/09/02,2000,0,5530,0
1398/09/02,15000,0,5530,0
1398/09/02,11819,0,5530,0
1398/09/02,12160,0,5530,0
1398/09/04,0,5000,0,5900
1398/09/11,0,45000,0,6500
1398/09/23,7977,0,7588,0
1398/09/23,456,0,7599,0
1398/09/23,150,0,7599,0
1398/09/23,100,0,7599,0
1398/09/23,2000,0,7600,0
1398/09/23,20,0,7600,0
1398/09/23,100,0,7600,0
1398/09/23,100,0,7600,0
1398/09/23,309,0,7600,0
1398/09/23,40000,0,7600,0
1398/09/23,160,0,7600,0
1398/09/23,2673,0,7600,0
1398/09/23,15000,0,7600,0
1398/09/23,300,0,7600,0
1398/09/23,14650,0,7600,0
1398/09/23,1000,0,7600,0
1398/09/23,1000,0,7600,0
1398/09/23,1000,0,7600,0
1398/09/23,384,0,7600,0
1398/09/23,145,0,7600,0
1398/09/23,4200,0,7600,0
1398/09/23,8276,0,7600,0
1398/09/23,1724,0,7600,0
1398/09/23,200,0,7600,0
1398/09/23,655,0,7600,0
1398/09/23,30000,0,7600,0
1398/09/23,5270,0,7600,0
1398/09/23,11395,0,7600,0
1398/09/23,756,0,7600,0
1398/10/17,0,23826,0,6477
1398/10/17,0,5000,0,6477
1398/10/17,0,1500,0,6476
1398/10/17,0,3000,0,6476
1398/10/17,0,800,0,6475
1398/10/17,0,1000,0,6475
1398/10/17,0,158,0,6475
1398/10/17,0,1000,0,6474
1398/10/17,0,3000,0,6473
1398/10/17,0,2000,0,6473
1398/10/17,0,6152,0,6472
1398/10/17,0,1500,0,6472
1398/10/17,0,30000,0,6472
1398/10/17,0,5000,0,6472
1398/10/17,0,16064,0,6472
1398/10/17,0,50000,0,6468
1399/10/15,3333,0,216958,0
1399/10/15,1954,0,216958,0
1399/10/15,3450,0,216958,0
1399/10/23,0,275,0,242000
1399/10/23,0,1000,0,242000
1399/10/23,0,725,0,242000
1399/11/06,0,6737,0,202702
1399/05/15,16,0,6300,0
1399/07/20,0,16,0,16411
1398/12/14,21,0,19900,0
1399/04/09,0,21,0,34920
1398/11/15,1705,0,51688,0
1398/11/15,27919,0,51688,0
1398/11/15,20376,0,51688,0
1398/12/11,0,4389,0,39950
1398/12/11,0,611,0,39950
1398/12/13,0,268,0,41727
1398/12/13,0,180,0,41727
1398/12/13,0,51,0,41727
1398/12/13,0,2313,0,41727
1398/12/13,0,338,0,41727
1398/12/26,0,4185,0,38204
1398/12/27,0,7578,0,37417
1398/12/27,0,30087,0,37417
1398/12/17,1338,0,4380,0
1399/03/06,0,1323,0,10500
1399/03/06,0,15,0,10500
1399/06/30,16182,0,17330,0
1399/06/30,330,0,17330,0
1399/06/30,279,0,17330,0
1399/06/30,12001,0,17330,0
1399/06/30,1340,0,17774,0
1399/06/30,1100,0,17774,0
1399/06/30,200,0,17774,0
1399/06/30,2000,0,17774,0
1399/06/30,1000,0,17774,0
1399/06/30,22608,0,17774,0
1399/06/30,1283,0,18000,0
1399/06/30,952,0,18000,0
1399/06/30,672,0,18000,0
1399/06/30,199,0,18000,0
1399/06/30,4530,0,18000,0
1399/06/30,700,0,18000,0
1399/06/30,281,0,18000,0
1399/06/30,15000,0,18000,0
1399/06/30,200,0,18000,0
1399/06/30,300,0,18000,0
1399/06/30,1996,0,18000,0
1399/06/30,1000,0,18000,0
1399/06/30,559,0,18000,0
1399/07/01,18851,0,16812,0
1399/07/01,15303,0,16812,0
1399/07/02,58032,0,17129,0
1399/07/20,0,11679,0,16500
1399/07/20,0,604,0,16500
1399/07/20,0,1000,0,16500
1399/07/20,0,24679,0,16500
1399/07/20,0,10000,0,16500
1399/07/20,0,1000,0,16500
1399/07/20,0,1038,0,16500
1399/07/20,0,50000,0,16700
1399/07/20,0,76898,0,16102
1399/01/20,811,0,12000,0
1399/02/31,0,431,0,21072
1399/02/31,0,238,0,21072
1399/02/31,0,142,0,21071
1399/09/12,22038,0,38162,0
1399/09/12,1151,0,38162,0
1399/09/29,0,23189,0,41542
1399/08/17,11876,0,43496,0
1399/08/17,149,0,43496,0
1399/08/17,368,0,43496,0
1399/08/17,23,0,43496,0
1399/08/17,1980,0,43496,0
1399/08/17,150,0,43496,0
1399/08/17,150,0,43496,0
1399/08/17,500,0,43496,0
1399/08/17,20,0,43496,0
1399/08/17,7000,0,43496,0
1399/08/17,145,0,43496,0
1399/08/17,1200,0,43496,0
1399/08/17,853,0,43496,0
1399/08/17,116,0,43496,0
1399/08/17,7194,0,43496,0
1399/08/17,124,0,43496,0
1399/08/17,10000,0,43496,0
1399/08/17,1000,0,43496,0
1399/08/17,1,0,43496,0
1399/08/17,300,0,43496,0
1399/08/17,116,0,43496,0
1399/08/17,230,0,43496,0
1399/08/17,110,0,43496,0
1399/08/17,180,0,43496,0
1399/08/17,200,0,43496,0
1399/08/17,120,0,43496,0
1399/08/17,116,0,43496,0
1399/08/17,200,0,43496,0
1399/08/17,583,0,43496,0
1399/08/17,479,0,43496,0
1399/08/17,348,0,43496,0
1399/08/17,2500,0,43496,0
1399/08/17,123,0,43496,0
1399/08/17,117,0,43496,0
1399/08/17,476,0,43496,0
1399/08/17,180,0,43496,0
1399/08/17,8970,0,43496,0
1399/08/17,1800,0,43496,0
1399/08/17,219,0,43496,0
1399/08/17,4690,0,43496,0
1399/08/17,600,0,43496,0
1399/08/17,465,0,43496,0
1399/08/17,140,0,43496,0
1399/08/17,609,0,43496,0
1399/08/17,5000,0,43496,0
1399/08/17,193,0,43496,0
1399/08/17,1700,0,43496,0
1399/08/17,208,0,43496,0
1399/08/17,313,0,43496,0
1399/08/17,10950,0,43496,0
1399/08/17,4,0,43496,0
1399/08/17,604,0,43496,0
1399/08/17,500,0,43496,0
1399/08/17,500,0,43496,0
1399/08/17,1258,0,43496,0
1399/08/17,5761,0,43496,0
1399/08/17,351,0,43496,0
1399/08/17,38,0,43496,0
1399/08/17,200,0,43496,0
1399/08/17,50,0,43496,0
1399/08/17,196,0,43496,0
1399/08/17,1767,0,43496,0
1399/08/17,1900,0,43496,0
1399/08/17,4317,0,43496,0
1399/08/17,120,0,43496,0
1399/08/17,347,0,43496,0
1399/08/17,45,0,43496,0
1399/08/17,120,0,43496,0
1399/08/17,400,0,43496,0
1399/08/17,890,0,43496,0
1399/08/17,2186,0,43496,0
1399/08/17,1726,0,43496,0
1399/08/17,300,0,43496,0
1399/08/17,200,0,43496,0
1399/08/17,431,0,43496,0
1399/08/17,3000,0,43496,0
1399/08/17,280,0,43496,0
1399/08/17,941,0,43496,0
1399/08/17,2053,0,43496,0
1399/08/17,941,0,43496,0
1399/08/17,7005,0,43496,0
1399/08/17,2000,0,43496,0
1399/08/17,68,0,43496,0
1399/08/17,310,0,43496,0
1399/08/17,1000,0,43496,0
1399/08/17,300,0,43496,0
1399/08/17,6374,0,43496,0
1399/08/17,1,0,43496,0
1399/08/17,100,0,43496,0
1399/08/17,60,0,43496,0
1399/08/17,1,0,43496,0
1399/08/17,1,0,43496,0
1399/08/17,160,0,43496,0
1399/08/17,1,0,43496,0
1399/08/17,1,0,43496,0
1399/08/17,10000,0,43496,0
1399/08/17,863,0,43496,0
1399/08/17,1416,0,43496,0
1399/08/17,1403,0,43496,0
1399/08/17,228,0,43496,0
1399/08/17,160,0,43496,0
1399/08/17,175,0,43496,0
1399/08/17,5085,0,43496,0
1399/08/17,318,0,43496,0
1399/08/17,170,0,43496,0
1399/08/17,120,0,43496,0
1399/08/17,19381,0,43496,0
1399/08/19,0,800,0,48950
1399/08/19,0,1200,0,48950
1399/08/19,0,171211,0,48950
1399/08/21,50000,0,52165,0
1399/08/21,8294,0,52165,0
1399/08/21,7000,0,52165,0
1399/08/21,3438,0,52165,0
1399/08/21,863,0,52165,0
1399/08/21,500,0,52165,0
1399/08/21,92,0,52165,0
1399/08/25,0,15000,0,48886
1399/08/25,0,3256,0,51300
1399/08/25,0,505,0,51300
1399/08/25,0,6239,0,51300
1399/08/25,0,10000,0,51300
1399/08/25,0,5201,0,51300
1399/08/25,0,4799,0,51300
1399/08/27,0,1640,0,48600
1399/08/27,0,8360,0,48600
1399/08/27,0,1078,0,48750
1399/08/27,0,1000,0,48750
1399/08/27,0,1000,0,48750
1399/08/27,0,1000,0,48750
1399/08/27,0,1430,0,48750
1399/08/27,0,4492,0,48750
1399/08/27,0,2687,0,50880
1399/08/27,0,2500,0,50880
1399/02/10,15,0,12507,0
1399/04/11,0,15,0,14474
1399/08/25,20000,0,45010,0
1399/08/26,0,5000,0,45000
1399/08/26,0,5000,0,45500
1399/08/27,0,120,0,45400
1399/08/27,0,4880,0,45400
1399/08/27,0,3155,0,45690
1399/08/27,0,1845,0,45690
1400/06/06,2608,0,16330,0
1400/06/06,27,0,16330,0
1400/06/06,27,0,16330,0
1400/06/06,27,0,16330,0
1400/06/06,27,0,16330,0
1400/06/06,27,0,16330,0
1400/06/06,2257,0,16330,0
1400/06/06,3065,0,16260,0
1400/06/06,3063,0,16260,0
1400/06/06,978,0,16334,0
1400/06/06,2708,0,16335,0
1400/06/06,587,0,16335,0
1400/06/06,27,0,16335,0
1400/06/06,27,0,16335,0
1400/06/06,27,0,16335,0
1400/06/06,27,0,16335,0
1400/06/06,619,0,16335,0
1400/06/06,27,0,16352,0
1400/06/06,182,0,16352,0
1400/06/06,2100,0,16352,0
1400/06/06,400,0,16352,0
1400/06/06,4618,0,16370,0
1400/06/06,27,0,16370,0
1400/06/06,27,0,16370,0
1400/06/06,27,0,16370,0
1400/06/06,27,0,16370,0
1400/06/06,27,0,16370,0
1400/06/06,27,0,16370,0
1400/06/06,27,0,16370,0
1400/06/06,27,0,16370,0
1400/06/06,5000,0,16380,0
1400/06/06,8000,0,16380,0
1400/06/27,0,410,0,14380
1400/06/27,0,2500,0,14370
1400/06/27,0,2090,0,14300
1400/06/27,0,5000,0,14215
1400/06/27,0,1356,0,14230
1400/06/27,0,3116,0,14230
1400/06/27,0,1528,0,14230
1400/06/27,0,946,0,14332
1400/06/27,0,353,0,14332
1400/06/27,0,3701,0,14330
1400/06/27,0,5000,0,14730
1400/06/27,0,3336,0,14600
1400/06/27,0,1322,0,14600
1400/06/27,0,342,0,14600
1400/06/27,0,2541,0,14500
1400/06/27,0,1000,0,14500
1400/06/27,0,690,0,14500
1400/06/27,0,400,0,14500
1400/06/27,0,400,0,14500
1400/06/27,0,400,0,14500
1400/06/27,0,240,0,14500
1398/11/08,50,0,14000,0
1399/01/18,0,50,0,36895
1400/06/06,1000,0,17280,0
1400/06/06,1921,0,17300,0
1400/06/06,2879,0,17349,0
1400/06/06,0,1000,0,17348
1400/06/24,0,1000,0,15570
1400/06/24,0,1000,0,15590
1400/06/27,0,2800,0,14650
1399/10/10,32048,0,14830,0
1399/10/10,680,0,14830,0
1399/10/10,340,0,14830,0
1399/10/10,369,0,14830,0
1399/10/10,50000,0,14830,0
1399/10/10,10000,0,14830,0
1399/10/10,3401,0,14830,0
1399/10/10,1000,0,14830,0
1399/10/10,680,0,14830,0
1399/10/10,245,0,14830,0
1399/10/10,100,0,14830,0
1399/10/13,0,5000,0,14990
1399/10/13,0,5000,0,15100
1399/10/14,0,2023,0,14647
1399/10/14,0,4081,0,14647
1399/10/14,0,43896,0,14647
1399/10/14,0,3031,0,14900
1399/10/14,0,700,0,14900
1399/10/14,0,5000,0,14900
1399/10/14,0,1000,0,14648
1399/10/14,0,4307,0,14647
1399/10/14,0,400,0,14647
1399/10/14,0,943,0,14647
1399/10/14,0,23482,0,14647
1399/10/13,80000,0,15500,0
1399/10/13,48981,0,15500,0
1399/10/27,0,10000,0,18660
1399/10/27,0,370,0,18800
1399/10/27,0,9630,0,18800
1399/10/27,0,10000,0,17997
1399/10/27,0,10000,0,18200
1399/10/27,0,10000,0,18200
1399/11/01,3582,0,17996,0
1399/11/01,1909,0,17996,0
1399/11/01,1635,0,17996,0
1399/11/01,240,0,17996,0
1399/11/01,600,0,17996,0
1399/11/01,14576,0,17996,0
1399/11/01,3500,0,17996,0
1399/11/01,2793,0,17996,0
1399/11/01,265,0,17996,0
1399/11/01,1905,0,17996,0
1399/11/01,4200,0,17996,0
1399/11/01,290,0,17996,0
1399/11/01,337,0,17996,0
1399/11/01,13000,0,17996,0
1399/11/01,210,0,17996,0
1399/11/01,285,0,17996,0
1399/11/01,600,0,17996,0
1399/11/01,1926,0,17996,0
1399/11/01,500,0,17996,0
1399/11/01,7302,0,17996,0
1399/11/01,280,0,17996,0
1399/11/01,3500,0,17996,0
1399/11/01,5999,0,17996,0
1399/11/01,2450,0,17996,0
1399/11/01,941,0,17996,0
1399/11/01,298,0,17996,0
1399/11/01,2,0,17996,0
1399/11/01,281,0,17996,0
1399/11/01,1800,0,17996,0
1400/05/24,0,5000,0,14000
1400/05/24,0,380,0,13790
1400/05/24,0,2089,0,13780
1400/05/24,0,370,0,13780
1400/05/24,0,2161,0,13780
1400/05/24,0,500,0,13781
1400/05/24,0,394,0,13780
1400/05/24,0,2500,0,13780
1400/05/24,0,1606,0,13780
1400/05/31,0,1000,0,13584
1400/05/31,0,2000,0,13650
1400/05/31,0,1000,0,13660
1400/05/31,0,1060,0,13650
1400/05/31,0,809,0,13650
1400/05/31,0,1131,0,13650
1400/05/31,0,2000,0,13650
1400/05/31,0,1000,0,13651
1400/05/31,0,1000,0,13650
1400/05/31,0,1000,0,13662
1400/05/31,0,2000,0,13662
1400/05/31,0,1000,0,13737
1400/05/31,0,1000,0,13737
1400/05/31,0,1000,0,13737
1400/05/31,0,1000,0,13737
1400/05/31,0,40,0,13737
1400/05/31,0,960,0,13737
1400/05/31,0,1000,0,13703
1400/05/31,0,1000,0,13700
1400/05/31,0,400,0,13700
1400/05/31,0,367,0,13700
1400/05/31,0,233,0,13700
1400/05/31,0,374,0,13581
1400/05/31,0,733,0,13581
1400/05/31,0,893,0,13581
1400/05/31,0,656,0,13610
1400/05/31,0,402,0,13610
1400/05/31,0,942,0,13610
1400/05/31,0,2000,0,13581
1400/05/31,0,2000,0,13581
1400/05/31,0,2000,0,13600
1400/05/31,0,753,0,13610
1400/05/31,0,370,0,13610
1400/05/31,0,877,0,13610
1400/05/31,0,1389,0,13690
1400/05/31,0,611,0,13690
1400/05/31,0,2000,0,13690
1400/05/31,0,2000,0,13730
1400/05/31,0,2000,0,13730
1400/05/31,0,1064,0,13730
1400/05/31,0,750,0,13730
1400/05/31,0,186,0,13730
1400/05/31,0,30,0,13730
1400/05/31,0,1050,0,13730
1400/05/31,0,585,0,13730
1400/05/31,0,335,0,13730
1400/05/31,0,500,0,13703
1400/05/31,0,1500,0,13703
1400/05/31,0,2000,0,13749
1400/05/31,0,2000,0,13750
1400/05/31,0,2000,0,13750
1400/05/31,0,525,0,13750
1400/05/31,0,475,0,13750
1400/05/31,0,2000,0,13750
1400/05/31,0,673,0,13780
1400/05/31,0,400,0,13780
1400/05/31,0,400,0,13780
1400/05/31,0,527,0,13780
1400/05/31,0,2000,0,13780
1400/05/31,0,2000,0,13964
1400/05/31,0,2000,0,14100
1400/05/31,0,2000,0,13950
1400/05/31,0,2000,0,14050
1400/05/31,0,2000,0,14050
1400/05/31,0,2000,0,14200
1400/06/01,0,2000,0,14106
1400/06/01,0,2000,0,14106
1400/06/01,0,2000,0,14106
1400/06/01,0,300,0,14106
1400/06/01,0,1700,0,14106
1400/06/01,0,1530,0,14106
1400/06/01,0,470,0,14106
1400/06/01,0,734,0,14050
1400/06/01,0,1266,0,14050
1400/06/01,0,8196,0,14104
1400/06/01,0,1804,0,14104
1400/06/01,0,5244,0,14104
1400/06/01,0,4756,0,14104
1400/06/01,0,5000,0,14104
1400/06/01,0,617,0,14104
1400/06/01,0,4383,0,14104
1400/06/06,0,4000,0,15500
1400/06/06,0,400,0,15310
1400/06/06,0,1000,0,15301
1400/06/06,0,1157,0,15300
1400/06/06,0,6512,0,15300
1400/06/06,0,2931,0,15300
1400/06/06,0,400,0,15061
1400/06/06,0,7787,0,15060
1398/08/01,173,0,2160,0
1399/01/18,0,173,0,14279
1399/06/30,34384,0,28973,0
1399/07/27,0,34384,0,30583
1399/10/09,7754,0,44151,0
1399/10/09,5000,0,44151,0
1399/10/09,132,0,44151,0
1399/10/21,0,5262,0,48443
1399/10/21,0,140,0,48443
1399/10/21,0,500,0,48443
1399/10/21,0,200,0,48443
1399/10/21,0,985,0,48443
1399/10/21,0,220,0,48443
1399/10/21,0,205,0,48443
1399/10/21,0,1234,0,48443
1399/10/21,0,200,0,48443
1399/10/21,0,210,0,48443
1399/10/21,0,420,0,48443
1399/10/21,0,1500,0,48443
1399/10/21,0,230,0,48443
1399/10/21,0,617,0,48443
1399/10/21,0,400,0,48443
1399/10/21,0,200,0,48443
1399/10/21,0,200,0,48443
1399/10/21,0,110,0,48443
1399/10/23,0,53,0,47130
1398/11/28,23935,0,38115,0
1398/11/28,6065,0,38115,0
1399/02/07,300,0,67832,0
1399/02/07,1000,0,67832,0
1399/02/07,10,0,67997,0
1399/02/07,1000,0,67997,0
1399/02/07,134,0,67998,0
1399/02/07,500,0,67999,0
1399/02/07,500,0,68000,0
1399/02/07,11556,0,68000,0
1399/02/10,5000,0,67750,0
1399/06/29,0,50000,0,114101
1399/08/26,10778,0,78225,0
1399/08/26,7556,0,78225,0
1399/08/26,500,0,78225,0
1399/08/26,10000,0,78225,0
1399/08/26,150,0,78225,0
1399/08/26,2000,0,78225,0
1399/08/26,100,0,78225,0
1399/08/26,100,0,78225,0
1399/08/26,10,0,78225,0
1399/08/26,100,0,78225,0
1399/08/26,300,0,78225,0
1399/08/28,0,31594,0,78508
1399/09/22,22000,0,9350,0
1399/09/22,1273,0,9300,0
1399/09/29,0,23273,0,10660
1398/07/03,20818,0,2128,0
1398/07/03,38682,0,2128,0
1398/07/03,30000,0,2128,0
1398/07/03,500,0,2128,0
1398/07/03,5000,0,2128,0
1398/07/03,5000,0,2128,0
1398/07/03,31318,0,2128,0
1398/07/03,40000,0,2128,0
1398/07/03,28682,0,2129,0
1398/07/03,52169,0,2129,0
1398/07/03,5000,0,2129,0
1398/07/03,2000,0,2129,0
1398/07/03,5000,0,2129,0
1398/07/03,5183,0,2129,0
1398/07/03,2000,0,2129,0
1398/07/03,10000,0,2129,0
1398/07/03,3900,0,2129,0
1398/07/03,10000,0,2130,0
1398/07/03,2000,0,2130,0
1398/07/03,2748,0,2130,0
1398/07/03,16152,0,2130,0
1398/07/03,50000,0,2130,0
1398/07/03,20000,0,2130,0
1398/07/03,2000,0,2130,0
1398/07/03,5000,0,2130,0
1398/07/03,1000,0,2130,0
1398/07/03,1500,0,2130,0
1398/07/03,4348,0,2130,0
1398/07/03,652,0,2130,0
1398/07/03,1000,0,2130,0
1398/07/03,48348,0,2130,0
1398/08/28,0,5719,0,1799
1398/08/28,0,20000,0,1799
1398/08/28,0,33333,0,1799
1398/08/28,0,40948,0,1799
1398/09/12,0,600,0,1884
1398/09/12,0,5283,0,1884
1398/09/12,0,1000,0,1884
1398/09/12,0,3000,0,1883
1398/09/12,0,3000,0,1883
1398/09/12,0,61224,0,1883
1398/09/12,0,1800,0,1883
1398/09/12,0,10578,0,1882
1398/09/12,0,9388,0,1882
1398/09/12,0,1000,0,1882
1398/09/12,0,2000,0,1882
1398/09/12,0,1127,0,1882
1398/09/12,0,3873,0,1882
1398/09/12,0,4552,0,1882
1398/09/12,0,1000,0,1882
1398/09/12,0,30000,0,1881
1398/09/12,0,5292,0,1881
1398/09/12,0,600,0,1881
1398/09/12,0,550,0,1881
1398/09/12,0,50000,0,1881
1398/09/12,0,4133,0,1881
1398/09/12,0,5867,0,1881
1398/09/12,0,5000,0,1881
1398/09/12,0,1500,0,1881
1398/09/12,0,550,0,1881
1398/09/12,0,900,0,1881
1398/09/12,0,550,0,1881
1398/09/12,0,25000,0,1881
1398/09/12,0,50000,0,1881
1398/09/12,0,10633,0,1880
1398/09/12,0,2987,0,1880
1398/09/12,0,1000,0,1880
1398/09/12,0,46013,0,1880
1399/01/16,2260,0,2999,0
1399/01/16,1399,0,2999,0
1399/01/16,10000,0,2999,0
1399/01/16,2605,0,2999,0
1399/01/16,7650,0,2999,0
1399/01/16,17994,0,2999,0
1399/01/16,4000,0,2999,0
1399/01/16,1500,0,2999,0
1399/01/16,650,0,2999,0
1399/01/16,6000,0,2999,0
1399/01/16,20000,0,2999,0
1399/01/16,2000,0,2999,0
1399/01/16,23942,0,2999,0
1399/01/16,1058,0,2999,0
1399/01/16,14600,0,2999,0
1399/01/16,5000,0,2999,0
1399/01/16,67346,0,2999,0
1399/01/16,4550,0,2999,0
1399/01/16,2357,0,2999,0
1399/01/16,2500,0,2999,0
1399/01/16,2589,0,2999,0
1399/01/16,17411,0,2999,0
1399/01/16,80000,0,2999,0
1399/01/16,2589,0,2999,0
1399/01/16,12411,0,2999,0
1399/01/16,87589,0,2999,0
1399/01/16,12411,0,2999,0
1399/01/16,6658,0,2999,0
1399/01/16,15000,0,2999,0
1399/01/16,65931,0,2999,0
1399/01/16,10339,0,2999,0
1399/02/07,0,4430,0,4050
1399/02/07,0,20000,0,4050
1399/02/07,0,10000,0,4050
1399/02/07,0,100000,0,4050
1399/02/07,0,65570,0,4050
1399/02/07,0,34430,0,4050
1399/02/07,0,100000,0,4050
1399/02/07,0,65570,0,4050
1399/02/07,0,110339,0,4050
1399/08/20,62026,0,20026,0
1399/08/20,37974,0,20026,0
1399/08/20,9500,0,20000,0
1399/08/20,1000,0,20000,0
1399/08/20,4900,0,20000,0
1399/08/20,420,0,20000,0
1399/08/20,4634,0,20000,0
1399/08/20,29546,0,20000,0
1399/08/20,300,0,19556,0
1399/08/20,444,0,20000,0
1399/08/20,5100,0,20000,0
1399/08/20,10000,0,20000,0
1399/08/20,1000,0,20000,0
1399/08/20,500,0,20000,0
1399/08/20,9500,0,20000,0
1399/08/20,23156,0,20000,0
1399/08/24,0,8058,0,23180
1399/08/24,0,2200,0,23180
1399/08/24,0,11657,0,23180
1399/08/24,0,7144,0,22800
1399/08/24,0,840,0,22800
1399/08/24,0,500,0,22800
1399/08/24,0,250,0,22800
1399/08/24,0,226,0,22800
1399/08/24,0,800,0,22800
1399/08/24,0,1319,0,22800
1399/08/24,0,700,0,22800
1399/08/24,0,742,0,22800
1399/08/24,0,240,0,22800
1399/08/24,0,7239,0,22800
1399/08/24,0,7800,0,22900
1399/08/24,0,12200,0,22900
1399/08/24,0,8085,0,23180
1399/08/25,0,500,0,23048
1399/08/25,0,19500,0,23048
1399/08/25,0,20000,0,23040
1399/08/25,0,7828,0,22499
1399/08/25,0,850,0,22499
1399/08/25,0,1322,0,22499
1399/08/25,0,4258,0,22340
1399/08/25,0,5742,0,22340
1399/08/25,0,15950,0,22550
1399/08/25,0,2100,0,22550
1399/08/25,0,883,0,22550
1399/08/25,0,1067,0,22550
1399/08/26,0,473,0,22400
1399/08/26,0,2980,0,22400
1399/08/26,0,1000,0,22400
1399/08/26,0,250,0,22400
1399/08/26,0,1000,0,22400
1399/08/26,0,4297,0,22400
1399/08/26,0,10000,0,22400
1399/08/26,0,15000,0,22800
1399/08/26,0,15000,0,23340
1399/07/02,1100,0,10100,0
1399/07/21,0,1100,0,15411
1398/11/21,369,0,5625,0
1399/02/01,0,369,0,12540
1399/04/04,229,0,4100,0
1399/04/17,0,228,0,4584
1399/05/01,0,1,0,6066
1399/09/19,56,0,14484,0
1399/10/03,0,56,0,19364
1399/02/31,14,0,40353,0
1399/05/01,0,14,0,53668
1399/09/12,7,0,25000,0
1400/08/10,0,7,0,27599
1398/06/25,14759,0,6880,0
1398/06/25,0,2000,0,6850
1398/06/25,0,3000,0,6850
1398/06/25,0,2906,0,6850
1398/06/25,0,500,0,6850
1398/06/25,0,238,0,6831
1398/06/25,0,1124,0,6801
1398/06/25,0,1450,0,6801
1398/06/25,0,1000,0,6801
1398/06/25,0,380,0,6801
1398/06/25,0,2161,0,6800
1398/11/16,38,0,29500,0
1398/12/20,38,0,87540,0
1398/12/20,38,0,87540,0
1398/12/20,39,0,87553,0
1398/12/20,38,0,87558,0
1398/12/20,39,0,87559,0
1398/12/20,1805,0,87560,0
1398/12/20,37,0,87560,0
1398/12/20,39,0,87560,0
1398/12/20,39,0,87560,0
1398/12/20,39,0,87560,0
1398/12/20,38,0,87560,0
1398/12/20,15,0,87560,0
1398/12/20,38,0,87560,0
1398/12/20,38,0,87560,0
1398/12/20,38,0,87560,0
1398/12/20,38,0,87560,0
1398/12/20,38,0,87560,0
1398/12/20,38,0,87560,0
1398/12/20,28,0,87560,0
1398/12/20,38,0,87560,0
1398/12/20,38,0,87560,0
1398/12/20,38,0,87560,0
1398/12/20,38,0,87560,0
1398/12/20,38,0,87560,0
1398/12/20,39,0,87560,0
1398/12/20,38,0,87560,0
1398/12/20,38,0,87560,0
1398/12/20,39,0,87560,0
1398/12/20,38,0,87560,0
1398/12/20,38,0,87560,0
1398/12/20,38,0,87560,0
1398/12/20,38,0,87560,0
1398/12/20,39,0,87560,0
1398/12/20,38,0,87560,0
1398/12/20,38,0,87560,0
1398/12/20,39,0,87560,0
1398/12/20,38,0,87560,0
1398/12/20,39,0,87560,0
1398/12/20,38,0,87560,0
1398/12/20,39,0,87560,0
1398/12/20,38,0,87560,0
1398/12/20,38,0,87560,0
1398/12/20,38,0,87560,0
1398/12/20,39,0,87560,0
1398/12/20,38,0,87560,0
1398/12/20,38,0,87560,0
1398/12/20,38,0,87560,0
1398/12/20,39,0,87560,0
1398/12/20,39,0,87560,0
1398/12/20,39,0,87560,0
1398/12/20,38,0,87560,0
1398/12/20,38,0,87560,0
1398/12/20,34,0,87560,0
1398/12/20,38,0,87560,0
1398/12/20,38,0,87560,0
1398/12/20,38,0,87560,0
1398/12/20,38,0,87560,0
1398/12/20,38,0,87560,0
1398/12/20,27,0,87560,0
1398/12/20,33,0,87560,0
1398/12/20,38,0,87560,0
1398/12/20,38,0,87560,0
1398/12/20,38,0,87560,0
1398/12/20,38,0,87560,0
1398/12/20,38,0,87560,0
1398/12/20,38,0,87560,0
1398/12/20,38,0,87560,0
1398/12/20,2,0,87560,0
1398/12/20,38,0,87560,0
1398/12/20,38,0,87560,0
1398/12/20,39,0,87560,0
1398/12/20,39,0,87560,0
1398/12/20,34,0,87560,0
1398/12/20,38,0,87560,0
1398/12/20,38,0,87560,0
1398/12/20,39,0,87560,0
1398/12/20,39,0,87560,0
1398/12/20,39,0,87560,0
1398/12/20,38,0,87560,0
1398/12/20,39,0,87560,0
1398/12/20,38,0,87560,0
1398/12/20,38,0,87560,0
1398/12/20,38,0,87560,0
1398/12/20,38,0,87560,0
1398/12/20,38,0,87560,0
1398/12/20,38,0,87560,0
1398/12/20,38,0,87560,0
1398/12/20,38,0,87560,0
1398/12/20,38,0,87560,0
1398/12/20,38,0,87560,0
1398/12/20,39,0,87560,0
1398/12/20,38,0,87560,0
1398/12/20,38,0,87560,0
1398/12/20,38,0,87560,0
1398/12/20,36,0,87560,0
1398/12/20,39,0,87560,0
1398/12/20,39,0,87560,0
1398/12/20,38,0,87560,0
1398/12/20,38,0,87560,0
1398/12/20,38,0,87560,0
1398/12/20,38,0,87560,0
1398/12/20,38,0,87560,0
1398/12/20,38,0,87560,0
1398/12/20,38,0,87560,0
1398/12/20,38,0,87560,0
1398/12/20,38,0,87560,0
1398/12/20,39,0,87560,0
1398/12/20,39,0,87560,0
1398/12/20,38,0,87560,0
1398/12/20,38,0,87560,0
1398/12/20,38,0,87560,0
1398/12/20,38,0,87560,0
1398/12/20,39,0,87560,0
1398/12/20,38,0,87560,0
1398/12/20,38,0,87560,0
1398/12/20,38,0,87560,0
1398/12/20,38,0,87560,0
1398/12/20,38,0,87560,0
1398/12/20,38,0,87560,0
1398/12/20,38,0,87560,0
1398/12/20,38,0,87560,0
1398/12/20,38,0,87560,0
1398/12/20,38,0,87560,0
1398/12/20,38,0,87560,0
1398/12/20,38,0,87560,0
1398/12/20,38,0,87560,0
1398/12/20,38,0,87560,0
1398/12/20,38,0,87560,0
1398/12/20,38,0,87560,0
1398/12/20,38,0,87560,0
1398/12/20,3721,0,87560,0
1399/01/16,0,4082,0,86950
1399/01/16,0,91,0,86950
1399/01/16,0,100,0,86950
1399/01/16,0,12,0,86950
1399/01/16,0,26,0,86950
1399/01/16,0,37,0,86950
1399/01/16,0,57,0,86950
1399/01/16,0,39,0,86950
1399/01/16,0,114,0,86950
1399/01/16,0,114,0,86947
1399/01/16,0,76,0,86946
1399/01/16,0,1717,0,86945
1399/01/16,0,22,0,86945
1399/01/16,0,572,0,86945
1399/01/16,0,35,0,86945
1399/01/16,0,200,0,86940
1399/01/16,0,1000,0,86932
1399/01/16,0,100,0,86930
1399/01/16,0,57,0,86923
1399/01/16,0,200,0,86923
1399/01/16,0,1746,0,86922
1399/09/11,106626,0,36456,0
1399/09/16,0,18983,0,40903
1399/09/16,0,160,0,40903
1399/09/16,0,2500,0,40903
1399/09/16,0,2421,0,40903
1399/09/16,0,25000,0,40903
1399/09/16,0,936,0,40903
1399/09/16,0,183,0,40902
1399/09/16,0,25000,0,40902
1399/09/16,0,659,0,40902
1399/09/16,0,193,0,40902
1399/09/16,0,14609,0,40902
1399/09/16,0,2436,0,40902
1399/09/16,0,6503,0,40903
1399/09/16,0,6560,0,40901
1399/09/16,0,123,0,40901
1399/09/16,0,360,0,40900
1400/04/22,5072,0,9810,0
1400/04/22,5077,0,9821,0
1400/04/22,5072,0,9820,0
1400/04/22,5072,0,9808,0
1400/04/22,5072,0,9866,0
1400/06/02,0,1200,0,8896
1400/06/02,0,2000,0,8897
1400/06/02,0,2000,0,8898
1400/06/02,0,2000,0,8896
1400/06/06,0,5600,0,9150
1400/06/06,0,1155,0,9150
1400/06/06,0,1000,0,9150
1400/06/06,0,10410,0,9150
1399/05/29,9,0,6000,0
1400/08/10,0,9,0,14155
1399/03/17,6563,0,26786,0
1399/03/17,93437,0,26786,0
1399/04/28,0,99500,0,42000
1399/04/28,0,500,0,42000
1399/09/05,98839,0,39240,0
1399/09/05,1161,0,39240,0
1399/09/09,0,9480,0,39150
1399/09/09,0,90520,0,39150
1400/06/06,4000,0,33210,0
1400/06/06,800,0,33200,0
1400/06/06,2000,0,33200,0
1400/06/06,200,0,33200,0
1400/06/06,2103,0,33210,0
1400/06/06,400,0,33210,0
1400/06/06,2497,0,33210,0
1400/06/06,5000,0,33210,0
1400/06/06,1799,0,33210,0
1400/06/07,0,2000,0,31670
1400/06/07,0,3000,0,31670
1400/06/27,0,4000,0,26610
1400/06/28,0,350,0,26550
1400/06/28,0,2650,0,26550
1400/06/28,0,6799,0,25690
1398/12/21,201,0,13120,0
1399/02/31,0,201,0,31437
1398/10/24,10000,0,6157,0
1398/10/24,1000,0,6157,0
1398/10/24,12189,0,6157,0
1398/10/24,1000,0,6157,0
1398/10/24,21380,0,6172,0
1398/10/24,28620,0,6172,0
1398/10/24,21380,0,6172,0
1398/10/24,7727,0,6172,0
1398/10/24,500,0,6175,0
1398/10/24,314,0,6175,0
1398/10/24,1000,0,6179,0
1398/10/24,19079,0,6179,0
1398/10/24,5921,0,6179,0
1398/10/24,200,0,6180,0
1398/10/24,2562,0,6180,0
1398/10/24,29314,0,6180,0
1398/10/24,171,0,6180,0
1398/10/24,1696,0,6187,0
1398/10/24,400,0,6190,0
1398/10/24,1000,0,6197,0
1398/10/24,46904,0,6200,0
1398/10/24,3096,0,6200,0
1398/10/24,14547,0,6200,0
1398/11/06,0,30000,0,7350
1398/11/06,0,16592,0,7350
1398/11/06,0,4333,0,7350
1398/11/06,0,8325,0,7340
1398/11/06,0,1000,0,7340
1398/11/06,0,850,0,7322
1398/11/06,0,2052,0,7321
1398/11/06,0,5000,0,7320
1398/11/06,0,10194,0,7320
1398/11/06,0,260,0,7320
1398/11/06,0,2702,0,7320
1398/11/06,0,6800,0,7320
1398/11/06,0,676,0,7320
1398/11/06,0,500,0,7320
1398/11/06,0,2000,0,7320
1398/11/06,0,600,0,7320
1398/11/06,0,21268,0,7320
1398/11/06,0,4435,0,7321
1398/11/06,0,500,0,7321
1398/11/06,0,9500,0,7321
1398/11/06,0,2413,0,7321
1398/11/06,0,17099,0,7250
1398/11/06,0,32901,0,7250
1398/11/06,0,17099,0,7250
1398/11/06,0,140,0,7250
1398/11/06,0,2356,0,7250
1398/11/06,0,170,0,7250
1398/11/06,0,1373,0,7250
1398/11/06,0,200,0,7250
1398/11/06,0,407,0,7250
1398/11/06,0,20000,0,7250
1398/11/06,0,200,0,7250
1398/11/06,0,400,0,7250
1398/11/06,0,7655,0,7250
1398/09/10,3923,0,4599,0
1398/09/10,28000,0,4619,0
1398/09/10,25960,0,4620,0
1398/09/10,30000,0,4620,0
1398/09/10,12117,0,4620,0
1398/09/10,21883,0,4620,0
1398/09/10,34000,0,4620,0
1398/09/10,34000,0,4620,0
1398/09/10,10117,0,4620,0
1398/09/18,0,2247,0,5481
1398/09/18,0,37753,0,5481
1398/09/19,0,7718,0,5371
1398/09/19,0,2900,0,5371
1398/09/19,0,364,0,5370
1398/09/19,0,370,0,5370
1398/09/19,0,1200,0,5370
1398/09/19,0,79323,0,5370
1398/09/19,0,925,0,5370
1398/09/19,0,5000,0,5370
1398/09/19,0,2200,0,5370
1398/09/19,0,20677,0,5370
1398/09/19,0,8000,0,5368
1398/09/19,0,1000,0,5368
1398/09/19,0,500,0,5368
1398/09/19,0,500,0,5367
1398/09/19,0,4000,0,5367
1398/09/19,0,2000,0,5367
1398/09/19,0,300,0,5367
1398/09/19,0,500,0,5366
1398/09/19,0,900,0,5366
1398/09/19,0,260,0,5366
1398/09/19,0,1000,0,5366
1398/09/19,0,11380,0,5366
1398/09/19,0,500,0,5365
1398/09/19,0,1855,0,5365
1398/09/19,0,500,0,5365
1398/09/19,0,742,0,5365
1398/09/19,0,2000,0,5365
1398/09/19,0,500,0,5364
1398/09/19,0,300,0,5364
1398/09/19,0,900,0,5364
1398/09/19,0,500,0,5363
1398/09/19,0,500,0,5362
1398/09/19,0,201,0,5362
1398/09/19,0,485,0,5362
1400/06/03,351,0,142800,0
1400/06/03,351,0,143500,0
1400/06/03,348,0,143000,0
1400/06/03,182,0,142660,0
1400/06/03,27,0,142660,0
1400/06/07,0,437,0,148060
1400/06/07,0,500,0,148050
1400/06/07,0,63,0,148060
1400/06/07,0,259,0,148030
1399/04/11,300,0,15750,0
1399/05/01,0,300,0,20500
1399/02/24,21802,0,22100,0
1399/02/24,37160,0,22100,0
1399/02/24,20897,0,22180,0
1399/02/24,37866,0,22180,0
1399/03/26,0,12156,0,23890
1399/03/26,0,1000,0,23890
1399/03/26,0,2000,0,23890
1399/03/26,0,1000,0,23890
1399/03/26,0,1000,0,23890
1399/03/26,0,220,0,23890
1399/03/26,0,210,0,23890
1399/03/26,0,404,0,23890
1399/03/26,0,546,0,23890
1399/03/26,0,2083,0,23890
1399/03/26,0,250,0,23890
1399/03/26,0,250,0,23890
1399/03/26,0,2606,0,23890
1399/03/26,0,2000,0,23890
1399/03/26,0,20000,0,23890
1399/03/26,0,500,0,23890
1399/03/26,0,230,0,23890
1399/03/26,0,400,0,23890
1399/03/26,0,530,0,23890
1399/03/26,0,1000,0,23890
1399/03/26,0,212,0,23890
1399/03/26,0,800,0,23890
1399/03/26,0,10000,0,23890
1399/03/26,0,1250,0,23890
1399/03/26,0,1000,0,23890
1399/03/26,0,341,0,23890
1399/03/26,0,2809,0,23890
1399/03/26,0,250,0,23890
1399/03/26,0,450,0,23890
1399/03/26,0,20832,0,23890
1399/03/26,0,500,0,23890
1399/03/26,0,2092,0,23890
1399/03/26,0,1033,0,23890
1399/03/26,0,1249,0,23890
1399/03/26,0,1000,0,23890
1399/03/26,0,245,0,23890
1399/03/26,0,7552,0,23890
1399/03/26,0,2448,0,23890
1399/03/26,0,760,0,23890
1399/03/26,0,500,0,23890
1399/03/26,0,302,0,23890
1399/03/26,0,300,0,23890
1399/03/26,0,2100,0,23890
1399/03/26,0,1500,0,23890
1399/03/26,0,210,0,23890
1399/03/26,0,210,0,23890
1399/03/26,0,1249,0,23890
1399/03/26,0,624,0,23890
1399/03/26,0,6500,0,23890
1399/03/26,0,1022,0,23890
1399/04/28,8642,0,50140,0
1399/04/28,4511,0,50140,0
1399/04/28,36466,0,50140,0
1399/07/15,0,10000,0,36200
1399/07/15,0,2609,0,35030
1399/07/15,0,2852,0,35030
1399/07/15,0,4539,0,35030
1399/07/15,0,5311,0,35350
1399/07/15,0,2818,0,35350
1399/07/15,0,1871,0,35350
1399/08/07,0,19619,0,28420
1399/04/28,52157,0,38160,0
1399/07/02,0,25000,0,26950
1399/07/02,0,5295,0,26970
1399/07/02,0,5651,0,26970
1399/07/02,0,194,0,26970
1399/07/02,0,190,0,26970
1399/07/02,0,221,0,26970
1399/07/02,0,2500,0,26970
1399/07/02,0,2350,0,26970
1399/07/02,0,243,0,26970
1399/07/02,0,369,0,26970
1399/07/02,0,373,0,26970
1399/07/02,0,203,0,26970
1399/07/02,0,310,0,26970
1399/07/02,0,200,0,26970
1399/07/02,0,190,0,26970
1399/07/02,0,398,0,26970
1399/07/02,0,190,0,26970
1399/07/02,0,500,0,26970
1399/07/02,0,295,0,26970
1399/07/02,0,500,0,26970
1399/07/02,0,400,0,26970
1399/07/02,0,258,0,26970
1399/07/02,0,933,0,26970
1399/07/02,0,500,0,26970
1399/07/02,0,205,0,26970
1399/07/02,0,1100,0,26970
1399/07/02,0,188,0,26970
1399/07/02,0,300,0,26970
1399/07/02,0,750,0,26970
1399/07/02,0,1000,0,26970
1399/07/02,0,1351,0,26970
1400/06/09,8617,0,11560,0
1400/06/09,8647,0,11520,0
1400/06/10,1494,0,11380,0
1400/06/10,5000,0,11380,0
1400/06/10,2260,0,11380,0
1400/06/10,8754,0,11410,0
1400/06/10,8731,0,11410,0
1400/06/13,8647,0,11520,0
1400/06/27,0,2850,0,10150
1400/06/27,0,500,0,10150
1400/06/27,0,1650,0,10150
1400/06/27,0,5000,0,10150
1400/06/27,0,5000,0,10300
1400/06/29,0,10000,0,10130
1400/06/29,0,434,0,10120
1400/06/29,0,9566,0,10120
1400/06/29,0,10000,0,10140
1400/06/29,0,2395,0,10140
1400/06/29,0,3000,0,10140
1400/06/29,0,1755,0,10140
1399/01/27,3637,0,8600,0
1399/02/23,0,3637,0,15800
1398/06/24,1054,0,24700,0
1398/06/24,22,0,24798,0
1398/06/24,3924,0,24798,0
1398/06/25,0,355,0,25002
1398/06/25,0,4645,0,25002
1399/04/25,17282,0,37030,0
1399/04/25,500,0,37030,0
1399/04/25,3000,0,37030,0
1399/04/25,1700,0,37030,0
1399/04/25,58140,0,37030,0
1399/07/01,0,19950,0,28960
1399/07/01,0,50,0,28960
1399/07/09,0,30000,0,23000
1399/07/23,6761,0,20510,0
1399/07/23,93239,0,20510,0
1399/07/30,0,500,0,16840
1399/07/30,0,1200,0,16840
1399/07/30,0,15000,0,16840
1399/07/30,0,1000,0,16840
1399/07/30,0,35828,0,16840
1399/07/30,0,530,0,16840
1399/07/30,0,300,0,16840
1399/07/30,0,1000,0,16840
1399/07/30,0,400,0,16840
1399/07/30,0,2375,0,16840
1399/07/30,0,162,0,16820
1399/07/30,0,1705,0,16820
1399/07/30,0,1433,0,16820
1399/07/30,0,300,0,16820
1399/07/30,0,1000,0,16820
1399/07/30,0,3455,0,16820
1399/07/30,0,592,0,16820
1399/07/30,0,50000,0,16820
1399/07/30,0,320,0,16820
1399/07/30,0,2000,0,16820
1399/07/30,0,5000,0,16820
1399/07/30,0,1962,0,16820
1399/07/30,0,1776,0,16820
1399/07/30,0,1000,0,16820
1399/07/30,0,1784,0,16820
1399/09/24,0,976,0,17570
1399/09/24,0,6000,0,17570
1399/09/24,0,8034,0,17570
1399/05/08,32,0,39750,0
1399/07/20,0,27,0,60190
1399/07/20,0,5,0,60190
1398/08/13,23130,0,2190,0
1398/08/13,5000,0,2190,0
1398/08/13,32658,0,2190,0
1398/08/13,32658,0,2190,0
1398/08/13,6554,0,2190,0
1398/08/13,32658,0,2190,0
1398/08/13,2026,0,2190,0
1398/08/13,32658,0,2190,0
1398/08/13,32658,0,2190,0
1398/08/13,28130,0,2190,0
1398/08/13,2026,0,2190,0
1398/08/13,2026,0,2190,0
1398/08/13,6050,0,2196,0
1398/08/13,10000,0,2196,0
1398/08/13,2000,0,2198,0
1398/08/13,49185,0,2198,0
1398/08/13,583,0,2200,0
1398/08/13,2283,0,2200,0
1398/08/13,32568,0,2200,0
1398/08/13,32568,0,2200,0
1398/08/13,31411,0,2200,0
1398/08/13,1170,0,2200,0
1398/08/13,8830,0,2200,0
1398/08/13,10000,0,2200,0
1398/08/13,10,0,2200,0
1398/08/13,5000,0,2200,0
1398/08/13,1000,0,2200,0
1398/08/13,32568,0,2200,0
1398/08/13,32568,0,2200,0
1398/08/13,10024,0,2200,0
1398/08/13,22544,0,2200,0
1398/08/13,31411,0,2200,0
1398/08/13,32800,0,2200,0
1398/08/13,13245,0,2200,0
1398/08/13,25957,0,2200,0
1398/08/13,4043,0,2200,0
1398/08/13,38939,0,2200,0
1398/08/13,31061,0,2200,0
1398/09/26,0,47115,0,3379
1398/09/26,0,310,0,3377
1398/09/26,0,591,0,3370
1398/09/26,0,1699,0,3358
1398/09/26,0,5931,0,3358
1398/09/26,0,5000,0,3358
1398/09/26,0,25330,0,3358
1398/09/26,0,1600,0,3357
1398/09/26,0,12424,0,3357
1398/09/26,0,35576,0,3357
1398/09/26,0,1500,0,3357
1398/09/26,0,62924,0,3357
1398/09/27,0,83030,0,3244
1398/09/27,0,16970,0,3244
1398/09/27,0,83030,0,3244
1398/09/27,0,12855,0,3243
1398/09/27,0,4115,0,3243
1398/09/27,0,25885,0,3243
1398/09/27,0,30000,0,3243
1398/09/27,0,30000,0,3243
1398/09/27,0,14115,0,3243
1398/09/27,0,15885,0,3243
1398/09/27,0,30000,0,3243
1398/09/27,0,30000,0,3243
1398/09/27,0,24115,0,3243
1398/09/27,0,5885,0,3243
1398/09/27,0,30000,0,3243
1398/09/27,0,40000,0,3243
1398/09/27,0,2000,0,3243
1398/09/27,0,22115,0,3243
1399/10/08,30000,0,22020,0
1399/10/08,5000,0,22020,0
1399/10/08,2000,0,22020,0
1399/10/08,149,0,22020,0
1399/10/10,0,5000,0,22690
1399/10/10,0,3917,0,22690
1399/10/10,0,1083,0,22690
1399/10/13,0,746,0,22700
1399/10/13,0,2000,0,22700
1399/10/13,0,2000,0,22700
1399/10/13,0,254,0,22700
1399/10/14,0,8796,0,20990
1399/10/14,0,1204,0,20990
1399/10/14,0,12149,0,20790
1399/07/02,3619,0,34200,0
1399/07/02,9735,0,34200,0
1399/07/02,291,0,34200,0
1399/07/02,150,0,34200,0
1399/07/02,653,0,34210,0
1399/07/02,790,0,34210,0
1399/07/02,4215,0,34210,0
1399/07/02,7956,0,34060,0
1399/07/02,7990,0,34060,0
1399/07/02,4750,0,34060,0
1399/07/02,160,0,34060,0
1399/07/02,340,0,34060,0
1399/07/02,1731,0,33020,0
1399/07/02,896,0,33020,0
1399/07/02,2260,0,33030,0
1399/07/02,1012,0,33030,0
1399/07/02,118,0,33030,0
1399/07/30,0,383,0,24120
1399/07/30,0,15000,0,24120
1399/07/30,0,1650,0,24120
1399/07/30,0,250,0,24120
1399/07/30,0,270,0,24120
1399/07/30,0,220,0,24120
1399/07/30,0,3489,0,24120
1399/07/30,0,330,0,24120
1399/07/30,0,825,0,24120
1399/07/30,0,800,0,24120
1399/07/30,0,220,0,24120
1399/07/30,0,650,0,24120
1399/07/30,0,300,0,24120
1399/07/30,0,271,0,24120
1399/07/30,0,1000,0,24120
1399/07/30,0,1000,0,24120
1399/07/30,0,826,0,24120
1399/07/30,0,412,0,24120
1399/07/30,0,247,0,24120
1399/07/30,0,303,0,24120
1399/07/30,0,230,0,24120
1399/07/30,0,1324,0,24010
1399/07/30,0,149,0,24070
1399/07/30,0,11618,0,24070
1399/07/30,0,4899,0,24070
1399/11/15,2701,0,236630,0
1399/11/15,24,0,236630,0
1399/11/15,68,0,236630,0
1399/11/15,100,0,236630,0
1399/11/15,100,0,236630,0
1399/11/15,150,0,236630,0
1399/11/15,35,0,236630,0
1399/11/15,105,0,236630,0
1399/11/15,70,0,236630,0
1399/11/15,25,0,236630,0
1399/11/15,170,0,236630,0
1399/11/15,40,0,236630,0
1399/11/15,399,0,236630,0
1399/11/15,95,0,236630,0
1399/11/15,2337,0,236630,0
1399/11/21,0,500,0,231000
1399/11/21,0,500,0,231000
1399/11/21,0,500,0,227790
1399/11/21,0,427,0,230000
1399/11/21,0,73,0,230000
1399/11/21,0,7,0,231000
1399/11/21,0,94,0,221520
1399/11/21,0,30,0,221520
1399/11/21,0,369,0,221520
1399/11/21,0,979,0,220730
1399/11/21,0,21,0,220730
1399/11/21,0,56,0,220670
1399/11/21,0,450,0,220670
1399/11/21,0,100,0,220670
1399/11/21,0,29,0,220670
1399/11/21,0,30,0,220670
1399/11/21,0,100,0,220670
1399/11/21,0,154,0,220670
1399/11/21,0,81,0,220670
1399/11/21,0,150,0,220660
1399/11/21,0,225,0,220660
1399/11/21,0,100,0,220660
1399/11/21,0,200,0,220660
1399/11/21,0,48,0,220660
1399/11/21,0,355,0,220660
1399/11/21,0,25,0,220660
1399/11/21,0,451,0,220660
1399/11/21,0,365,0,220660
1398/07/06,1579,0,4736,0
1398/07/06,5000,0,4737,0
1398/07/06,93421,0,4738,0
1398/07/06,550,0,4738,0
1398/07/06,10000,0,4738,0
1398/07/06,104,0,4738,0
1398/07/06,5000,0,4738,0
1398/07/06,34346,0,4738,0
1398/07/06,2353,0,4739,0
1398/07/06,500,0,4739,0
1398/07/06,21000,0,4739,0
1398/07/06,76147,0,4739,0
1398/07/06,23853,0,4739,0
1398/07/06,76147,0,4739,0
1398/08/26,0,12000,0,4445
1398/08/26,0,37709,0,4444
1398/08/26,0,291,0,4444
1398/08/26,0,20000,0,4444
1398/08/26,0,20000,0,4443
1398/08/26,0,20000,0,4442
1398/08/26,0,32000,0,4440
1398/08/26,0,8000,0,4440
1398/08/26,0,22000,0,4440
1398/08/26,0,30000,0,4440
1398/08/26,0,800,0,4440
1398/08/26,0,5000,0,4440
1398/08/26,0,10000,0,4440
1398/08/26,0,200,0,4440
1398/08/26,0,9800,0,4440
1398/08/26,0,53750,0,4440
1398/08/26,0,32000,0,4440
1398/08/26,0,36450,0,4440
1399/07/01,24509,0,19750,0
1399/07/20,0,24509,0,17650
1398/11/30,67,0,17000,0
1399/02/02,0,67,0,64685
1398/08/28,800,0,5371,0
1398/08/28,26634,0,5371,0
1398/08/28,2000,0,5372,0
1398/08/28,165,0,5373,0
1398/08/28,60401,0,5373,0
1398/08/28,10000,0,5373,0
1398/08/28,26940,0,5373,0
1398/08/28,9759,0,5374,0
1398/08/28,10000,0,5375,0
1398/08/28,700,0,5400,0
1398/08/28,2601,0,5400,0
1398/09/10,0,2025,0,6042
1398/09/10,0,4954,0,6041
1398/09/10,0,500,0,6041
1398/09/10,0,1000,0,6041
1398/09/10,0,5000,0,6041
1398/09/10,0,1100,0,6041
1398/09/10,0,12072,0,6040
1398/09/10,0,5000,0,6040
1398/09/10,0,500,0,6040
1398/09/10,0,2000,0,6039
1398/09/10,0,500,0,6039
1398/09/10,0,15349,0,6039
1398/09/10,0,4588,0,6045
1398/09/10,0,576,0,6039
1398/09/10,0,1429,0,6037
1398/09/10,0,2000,0,6037
1398/09/10,0,500,0,6037
1398/09/10,0,400,0,6036
1398/09/10,0,500,0,6036
1398/09/10,0,500,0,6035
1398/09/10,0,39507,0,6035
1398/09/10,0,43493,0,6035
1398/09/10,0,2000,0,6035
1398/09/10,0,500,0,6035
1398/09/10,0,2000,0,6035
1398/09/10,0,2000,0,6035
1398/09/10,0,7,0,6035
1399/02/28,110,0,102000,0
1399/02/28,500,0,103000,0
1399/02/28,343,0,104500,0
1399/02/28,399,0,104500,0
1399/02/28,2000,0,104500,0
1399/02/28,500,0,104500,0
1399/02/28,1790,0,104500,0
1399/02/28,93,0,104500,0
1399/02/28,1017,0,104500,0
1399/02/28,1000,0,104742,0
1399/02/28,797,0,104989,0
1399/02/28,30000,0,104989,0
1399/04/14,0,11564,0,201000
1399/04/14,0,158,0,206500
1399/04/14,0,100,0,206100
1399/04/14,0,200,0,206100
1399/04/14,0,36,0,206100
1399/04/14,0,34,0,206010
1399/04/14,0,28,0,206010
1399/04/14,0,241,0,206010
1399/04/14,0,2322,0,206000
1399/04/14,0,241,0,206000
1399/04/14,0,900,0,206000
1399/04/14,0,40,0,206000
1399/04/14,0,722,0,206000
1399/04/14,0,59,0,206000
1399/04/14,0,27,0,206000
1399/04/14,0,500,0,206000
1399/04/14,0,25,0,206000
1399/04/14,0,1000,0,206000
1399/04/14,0,96,0,206000
1399/04/14,0,40,0,206000
1399/04/14,0,50,0,206000
1399/04/14,0,25,0,206000
1399/04/14,0,141,0,206000
1399/04/24,0,5412,0,165150
1399/04/24,0,200,0,165150
1399/04/24,0,7521,0,165150
1399/04/24,0,550,0,165150
1399/04/24,0,365,0,165150
1399/04/24,0,5852,0,165150
1399/04/24,0,65,0,164970
1399/04/24,0,35,0,164960
1398/08/14,2000,0,3849,0
1398/08/14,19735,0,3850,0
1398/08/14,5000,0,3850,0
1398/08/14,30000,0,3850,0
1398/08/14,1000,0,3850,0
1398/08/14,20000,0,3850,0
1398/08/14,4000,0,3850,0
1398/08/14,5600,0,3850,0
1398/08/14,3000,0,3850,0
1398/08/14,3000,0,3850,0
1398/08/14,3000,0,3850,0
1398/08/14,3000,0,3850,0
1398/08/14,665,0,3850,0
1398/08/14,5335,0,3850,0
1398/08/14,6000,0,3850,0
1398/08/14,6000,0,3850,0
1398/08/14,40635,0,3850,0
1398/08/14,30,0,3850,0
1398/08/14,30000,0,3850,0
1398/08/14,3000,0,3850,0
1398/08/14,3000,0,3850,0
1398/08/14,3000,0,3850,0
1398/08/14,3000,0,3850,0
1398/08/14,49000,0,3850,0
1398/08/14,30000,0,3850,0
1398/08/14,3000,0,3850,0
1398/08/14,3000,0,3850,0
1398/08/14,3000,0,3850,0
1398/08/14,3000,0,3850,0
1398/08/14,3000,0,3850,0
1398/08/14,3000,0,3850,0
1398/08/14,3000,0,3850,0
1398/08/26,0,52473,0,3653
1398/08/26,0,47527,0,3653
1398/08/26,0,52473,0,3653
1398/08/26,0,47527,0,3653
1398/08/26,0,52473,0,3653
1398/08/26,0,47527,0,3653
1400/07/10,108154,0,9200,0
1400/07/10,21630,0,9200,0
1400/07/20,0,30000,0,8670
1400/07/20,0,30000,0,8660
1400/07/20,0,12000,0,8550
1400/07/20,0,8000,0,8550
1400/07/20,0,2000,0,8550
1400/07/20,0,1000,0,8550
1400/07/20,0,700,0,8530
1400/07/20,0,596,0,8520
1400/07/20,0,701,0,8520
1400/07/20,0,596,0,8520
1400/07/20,0,4407,0,8520
1400/07/20,0,2926,0,8510
1400/07/20,0,600,0,8510
1400/07/20,0,5000,0,8500
1400/07/20,0,1474,0,8500
1400/07/20,0,3616,0,8530
1400/07/20,0,5837,0,8530
1400/07/20,0,20331,0,8530
1399/07/21,74020,0,4800,0
1399/07/21,1100,0,4800,0
1399/07/21,86300,0,4800,0
1399/07/21,44981,0,4800,0
1399/07/21,20000,0,4800,0
1399/07/21,35000,0,4800,0
1399/07/21,7000,0,4800,0
1399/07/21,1000,0,4800,0
1399/07/21,15000,0,4800,0
1399/07/21,40000,0,4800,0
1399/07/21,2441,0,4800,0
1399/07/21,5000,0,4800,0
1399/07/21,2700,0,4800,0
1399/07/21,36621,0,4800,0
1399/07/21,22823,0,4800,0
1399/07/21,6014,0,4800,0
1399/07/21,12000,0,4800,0
1399/07/22,0,99112,0,4560
1399/07/22,0,100888,0,4560
1399/07/22,0,212000,0,4550
1398/11/01,51898,0,7019,0
1398/11/01,200,0,7019,0
1398/11/01,1000,0,7020,0
1398/11/01,300,0,7020,0
1398/11/01,1000,0,7020,0
1398/11/01,20000,0,7020,0
1398/11/01,2000,0,7020,0
1398/11/01,2875,0,7020,0
1398/11/01,20000,0,7020,0
1398/11/01,727,0,7020,0
1398/11/01,2679,0,7018,0
1398/11/01,180,0,7020,0
1398/11/01,940,0,7020,0
1398/11/01,100,0,7020,0
1398/11/01,10000,0,7021,0
1398/11/01,22016,0,7025,0
1398/11/01,910,0,7025,0
1398/11/01,10000,0,7026,0
1398/11/01,1957,0,7029,0
1398/11/01,800,0,7030,0
1398/11/01,1704,0,7030,0
1398/11/01,700,0,7030,0
1398/11/01,9400,0,7030,0
1398/11/01,200,0,7030,0
1398/11/01,7000,0,7030,0
1398/11/01,9340,0,7030,0
1398/11/01,1898,0,7030,0
1398/11/01,3000,0,7070,0
1398/11/01,17176,0,7079,0
1398/11/01,12824,0,7079,0
1398/11/01,22259,0,7079,0
1398/11/01,14917,0,7079,0
1399/02/07,0,19387,0,16666
1399/02/07,0,61262,0,16666
1399/02/07,0,19351,0,16666
1399/02/07,0,608,0,16350
1399/02/07,0,1789,0,16350
1399/02/07,0,4821,0,16350
1399/02/07,0,608,0,16350
1399/02/07,0,2417,0,16350
1399/02/07,0,150,0,16350
1399/02/07,0,612,0,16350
1399/02/07,0,3044,0,16350
1399/02/07,0,3072,0,16350
1399/02/07,0,805,0,16350
1399/02/07,0,2500,0,16350
1399/02/07,0,1400,0,16350
1399/02/07,0,1000,0,16350
1399/02/07,0,800,0,16350
1399/02/07,0,629,0,16350
1399/02/07,0,610,0,16350
1399/02/07,0,608,0,16350
1399/02/07,0,4527,0,16350
1399/02/07,0,5473,0,16350
1399/02/07,0,2696,0,16350
1399/02/07,0,1461,0,16350
1399/02/07,0,5370,0,16350
1399/02/07,0,4483,0,16350
1399/02/07,0,3000,0,16350
1399/02/07,0,307,0,16350
1399/02/07,0,400,0,16350
1399/02/07,0,500,0,16350
1399/02/07,0,2725,0,16301
1399/02/07,0,200,0,16301
1399/02/07,0,857,0,16000
1399/02/07,0,580,0,16000
1399/02/07,0,5242,0,16000
1399/02/07,0,1500,0,16000
1399/02/07,0,466,0,16000
1399/02/07,0,357,0,16000
1399/02/07,0,5998,0,16000
1399/02/07,0,4002,0,16000
1399/02/07,0,14383,0,16000
1399/02/07,0,20,0,15800
1399/02/07,0,1000,0,15800
1399/02/07,0,13980,0,15800
1399/02/07,0,1000,0,15595
1399/02/07,0,390,0,15595
1399/02/07,0,5000,0,15595
1399/02/07,0,1308,0,15507
1399/02/07,0,1000,0,15507
1399/02/07,0,2692,0,15507
1399/02/07,0,30157,0,15507
1399/02/07,0,1799,0,15501
1399/02/07,0,1500,0,15501
1399/02/07,0,154,0,15501
1398/06/06,39753,0,2749,0
1398/06/06,26247,0,2749,0
1398/06/06,33000,0,2749,0
1398/06/06,1000,0,2749,0
1398/06/06,33000,0,2747,0
1398/06/06,33000,0,2747,0
1398/06/06,12000,0,2747,0
1398/06/06,700,0,2747,0
1398/06/06,20300,0,2747,0
1398/06/06,1000,0,2747,0
1398/06/06,12511,0,2745,0
1398/06/06,20489,0,2745,0
1398/06/06,33000,0,2745,0
1398/06/06,33000,0,2745,0
1398/06/06,1000,0,2745,0
1398/06/06,90000,0,2733,0
1398/06/06,3500,0,2750,0
1398/06/06,2500,0,2750,0
1398/06/06,2000,0,2750,0
1398/06/06,2000,0,2772,0
1398/06/06,33000,0,2762,0
1398/06/06,33000,0,2762,0
1398/06/06,33000,0,2762,0
1398/06/06,1000,0,2762,0
1398/06/06,819,0,2772,0
1398/06/06,9181,0,2772,0
1398/06/06,10000,0,2771,0
1398/06/06,10000,0,2771,0
1398/06/06,10000,0,2771,0
1398/06/06,819,0,2772,0
1398/06/06,9181,0,2772,0
1398/07/06,0,500,0,3197
1398/07/06,0,50000,0,3194
1398/07/06,0,1000,0,3192
1398/07/06,0,200,0,3192
1398/07/06,0,1240,0,3192
1398/07/06,0,5116,0,3190
1398/07/06,0,5000,0,3185
1398/07/06,0,4000,0,3184
1398/07/06,0,1000,0,3183
1398/07/06,0,10000,0,3183
1398/07/06,0,10000,0,3183
1398/07/06,0,1000,0,3192
1398/07/06,0,60802,0,3182
1398/07/06,0,51,0,3181
1398/07/06,0,7949,0,3181
1398/07/06,0,2000,0,3182
1398/07/06,0,380,0,3182
1398/07/06,0,8000,0,3181
1398/07/06,0,1000,0,3182
1398/07/06,0,10000,0,3182
1398/07/06,0,34051,0,3181
1398/07/06,0,20000,0,3181
1398/07/06,0,34949,0,3181
1398/07/06,0,19628,0,3181
1398/07/06,0,10000,0,3182
1398/07/06,0,16216,0,3181
1398/07/06,0,3467,0,3181
1398/07/06,0,61784,0,3180
1398/07/06,0,13485,0,3179
1398/07/06,0,20000,0,3179
1398/07/06,0,6277,0,3179
1398/07/06,0,3723,0,3179
1398/07/06,0,10000,0,3178
1398/07/06,0,1000,0,3177
1398/07/06,0,4000,0,3176
1398/07/06,0,11556,0,3176
1398/07/06,0,500,0,3176
1398/07/06,0,10000,0,3179
1398/07/06,0,500,0,3179
1398/07/06,0,10000,0,3179
1398/07/06,0,622,0,3179
1398/07/06,0,1000,0,3177
1398/07/06,0,2200,0,3177
1398/07/06,0,500,0,3177
1398/07/06,0,10000,0,3177
1398/07/06,0,2308,0,3177
1398/07/06,0,6845,0,3177
1398/07/06,0,10000,0,3177
1398/07/06,0,500,0,3177
1398/07/06,0,19427,0,3189
1398/07/06,0,73,0,3190
1398/07/06,0,4000,0,3187
1398/07/06,0,376,0,3197
1398/07/06,0,5000,0,3197
1398/07/06,0,5000,0,3197
1398/07/06,0,3120,0,3197
1398/07/06,0,2776,0,3197
1398/07/06,0,1440,0,3196
1398/07/06,0,3210,0,3195
1398/07/06,0,1229,0,3195
1399/04/22,537,0,18540,0
1399/04/22,0,534,0,18540
1399/04/22,0,3,0,18540
1399/06/30,340,0,18390,0
1399/06/30,500,0,18390,0
1399/06/30,824,0,18400,0
1399/06/30,8054,0,18400,0
1399/06/30,1000,0,18400,0
1399/06/30,1500,0,18400,0
1399/06/30,550,0,18400,0
1399/06/30,1000,0,18400,0
1399/06/30,400,0,18400,0
1399/06/30,2550,0,18400,0
1399/06/30,10353,0,18400,0
1399/06/30,26997,0,18400,0
1399/06/30,250,0,17970,0
1399/06/30,13318,0,18000,0
1399/06/30,900,0,18000,0
1399/06/30,300,0,18000,0
1399/06/30,332,0,18000,0
1399/06/30,140,0,18040,0
1399/06/30,8420,0,18100,0
1399/06/30,400,0,18150,0
1399/06/30,57,0,18190,0
1399/06/30,7081,0,18200,0
1399/06/30,500,0,18290,0
1399/06/30,5804,0,18290,0
1399/06/30,410,0,18290,0
1399/06/30,340,0,18300,0
1399/06/30,1200,0,18300,0
1399/06/30,14926,0,18300,0
1399/07/05,1300,0,17990,0
1399/07/05,5000,0,17990,0
1399/07/05,21372,0,17990,0
1399/07/05,11743,0,18340,0
1399/07/05,400,0,18340,0
1399/07/05,21,0,18340,0
1399/07/05,11175,0,18340,0
1399/07/20,0,50000,0,16140
1399/07/20,0,5000,0,15900
1399/07/20,0,626,0,15900
1399/07/20,0,3137,0,15900
1399/07/20,0,627,0,15900
1399/07/20,0,2000,0,15900
1399/07/20,0,6251,0,15900
1399/07/20,0,2511,0,15900
1399/07/20,0,4500,0,15900
1399/07/20,0,350,0,15900
1399/07/20,0,1000,0,15900
1399/07/20,0,1970,0,15900
1399/07/20,0,1250,0,15900
1399/07/20,0,500,0,15900
1399/07/20,0,400,0,15900
1399/07/20,0,2000,0,15900
1399/07/20,0,400,0,15900
1399/07/20,0,793,0,15900
1399/07/20,0,1000,0,15900
1399/07/20,0,10000,0,15900
1399/07/20,0,881,0,15900
1399/07/20,0,1200,0,15900
1399/07/20,0,3604,0,15900
1399/07/30,0,31606,0,13000
1399/07/30,0,674,0,13000
1399/07/30,0,27177,0,13000
1399/04/18,75,0,3200,0
1399/07/20,0,75,0,4430
1399/08/25,14251,0,14000,0
1399/08/25,10000,0,13950,0
1399/08/26,0,5251,0,13280
1399/08/26,0,4749,0,13280
1399/08/26,0,14251,0,13400
1398/06/31,34250,0,6168,0
1398/06/31,297,0,6167,0
1398/06/31,32753,0,6168,0
1398/06/31,21409,0,6169,0
1398/06/31,200,0,6169,0
1398/06/31,15984,0,6120,0
1398/06/31,48641,0,6060,0
1398/06/31,1559,0,6084,0
1398/06/31,1200,0,6062,0
1398/06/31,5601,0,6080,0
1398/08/12,0,4100,0,6272
1398/08/12,0,4761,0,6272
1398/08/12,0,1587,0,6271
1398/08/12,0,1000,0,6271
1398/08/12,0,189,0,6270
1398/08/12,0,160,0,6270
1398/08/12,0,10000,0,6270
1398/08/12,0,20000,0,6270
1398/08/12,0,430,0,6270
1398/08/12,0,170,0,6240
1398/08/12,0,700,0,6240
1398/08/12,0,10000,0,6238
1398/08/12,0,89130,0,6237
1398/08/12,0,2191,0,6220
1398/08/12,0,2600,0,6220
1398/08/12,0,170,0,6220
1398/08/12,0,1627,0,6220
1398/08/12,0,1198,0,6220
1398/08/12,0,200,0,6220
1398/08/12,0,10636,0,6191
1398/08/12,0,1045,0,6189
1398/06/25,65444,0,4780,0
1398/06/25,10731,0,4794,0
1398/06/25,94739,0,4790,0
1398/06/25,5261,0,4794,0
1398/06/25,21335,0,4794,0
1398/06/25,21679,0,4743,0
1398/06/25,20000,0,4743,0
1398/06/25,5209,0,4743,0
1398/06/30,0,49300,0,4119
1398/06/30,0,700,0,4119
1398/06/30,0,10000,0,4118
1398/06/30,0,3000,0,4118
1398/06/30,0,12363,0,4117
1398/06/30,0,1500,0,4117
1398/06/30,0,5000,0,4117
1398/06/30,0,400,0,4117
1398/06/30,0,250,0,4117
1398/06/30,0,10308,0,4116
1398/06/30,0,7179,0,4116
1398/06/30,0,42821,0,4116
1398/06/30,0,500,0,4116
1398/06/30,0,12000,0,4116
1398/06/30,0,600,0,4116
1398/06/30,0,560,0,4116
1398/06/30,0,2700,0,4116
1398/06/30,0,359,0,4115
1398/06/30,0,500,0,4115
1398/06/30,0,5000,0,4115
1398/06/30,0,10000,0,4115
1398/06/30,0,14000,0,4115
1398/06/30,0,300,0,4115
1398/06/30,0,7249,0,4115
1398/06/30,0,3411,0,4115
1398/06/30,0,1589,0,4115
1398/06/30,0,7000,0,4115
1398/06/30,0,257,0,4115
1398/06/30,0,251,0,4115
1398/06/30,0,500,0,4115
1398/06/30,0,250,0,4115
1398/06/30,0,1000,0,4115
1398/06/30,0,1500,0,4115
1398/06/30,0,32051,0,4115
1398/10/23,5498,0,3350,0
1398/10/23,94502,0,3350,0
1398/10/23,5498,0,3350,0
1398/10/23,30000,0,3350,0
1398/10/23,6500,0,3350,0
1398/10/23,30236,0,3350,0
1398/10/23,1000,0,3350,0
1398/10/23,26766,0,3350,0
1398/10/23,3234,0,3350,0
1398/10/23,32980,0,3350,0
1398/10/23,3550,0,3350,0
1398/10/23,30000,0,3350,0
1398/10/23,30236,0,3350,0
1398/10/23,36784,0,3350,0
1398/10/23,9292,0,3350,0
1398/10/23,500,0,3352,0
1398/10/23,440,0,3354,0
1398/10/23,5000,0,3354,0
1398/10/23,32751,0,3354,0
1398/10/23,15233,0,3354,0
1398/10/23,84767,0,3354,0
1398/10/23,15233,0,3354,0
1398/11/16,0,50000,0,3925
1398/11/16,0,47000,0,3922
1398/11/16,0,3000,0,3922
1398/11/16,0,100000,0,3940
1398/11/27,0,45504,0,3701
1398/11/27,0,39938,0,3701
1398/11/27,0,4558,0,3700
1398/11/27,0,4559,0,3700
1398/11/27,0,30000,0,3700
1398/11/27,0,30000,0,3700
1398/11/27,0,270,0,3700
1398/11/27,0,30000,0,3700
1398/11/27,0,5171,0,3700
1398/11/27,0,9829,0,3700
1398/11/27,0,500,0,3700
1398/11/27,0,500,0,3700
1398/11/27,0,3500,0,3700
1398/11/27,0,30000,0,3700
1398/11/27,0,30000,0,3700
1398/11/27,0,25671,0,3700
1398/11/27,0,4329,0,3700
1398/11/27,0,4038,0,3700
1398/11/27,0,1633,0,3700
1399/08/25,46847,0,4660,0
1399/08/25,3153,0,4660,0
1399/08/26,0,50000,0,4240
1398/09/19,68885,0,2897,0
1398/09/19,31115,0,2897,0
1398/09/19,31115,0,2897,0
1398/09/19,46379,0,2898,0
1398/09/19,22506,0,2898,0
1398/09/19,77494,0,2898,0
1398/09/19,2304,0,2899,0
1398/09/19,20202,0,2899,0
1398/09/19,9798,0,2899,0
1398/09/19,1000,0,2899,0
1398/09/19,30000,0,2899,0
1398/09/19,1000,0,2899,0
1398/09/19,8202,0,2899,0
1398/10/17,0,5080,0,2470
1398/10/17,0,94920,0,2470
1398/10/17,0,5080,0,2470
1398/10/17,0,94920,0,2470
1398/10/17,0,5080,0,2470
1398/10/17,0,94920,0,2470
1398/10/17,0,5080,0,2470
1398/10/17,0,44920,0,2470
1400/06/13,1693,0,22960,0
1400/06/13,1500,0,22960,0
1400/06/13,1147,0,22960,0
1400/06/13,2170,0,22950,0
1400/06/13,4344,0,22930,0
1400/06/13,4338,0,22960,0
1400/06/28,0,487,0,20500
1400/06/28,0,1000,0,20500
1400/06/28,0,1000,0,20500
1400/06/28,0,513,0,20500
1400/06/28,0,4000,0,20520
1400/06/28,0,8192,0,20880
1399/11/13,5000,0,95280,0
1399/11/13,982,0,95200,0
1399/11/13,200,0,95200,0
1399/11/13,100,0,95200,0
1399/11/13,57,0,95200,0
1399/11/13,500,0,95200,0
1399/11/13,500,0,95200,0
1399/11/13,131,0,95200,0
1399/11/13,499,0,95200,0
1399/11/13,543,0,95200,0
1399/11/13,490,0,95200,0
1399/11/13,998,0,95200,0
1399/11/13,0,845,0,89500
1399/11/13,0,2000,0,89500
1399/11/13,0,2155,0,89500
1399/11/13,0,5000,0,89420
1398/07/08,65613,0,2781,0
1398/07/08,34387,0,2781,0
1398/07/08,65613,0,2781,0
1398/07/08,34387,0,2781,0
1398/07/08,65613,0,2781,0
1398/07/08,34387,0,2781,0
1398/07/08,65613,0,2781,0
1398/07/08,34387,0,2781,0
1398/07/08,65613,0,2781,0
1398/07/08,34387,0,2781,0
1398/07/08,65613,0,2781,0
1398/07/08,34387,0,2781,0
1398/07/08,65613,0,2781,0
1398/07/08,34387,0,2781,0
1398/08/13,0,1596,0,2332
1398/08/13,0,11356,0,2330
1398/08/13,0,1536,0,2330
1398/08/13,0,1000,0,2327
1398/08/13,0,2598,0,2326
1398/08/13,0,2000,0,2325
1398/08/13,0,450,0,2324
1398/08/13,0,5000,0,2323
1398/08/13,0,3000,0,2320
1398/08/13,0,10000,0,2320
1398/08/13,0,1464,0,2320
1398/08/13,0,35536,0,2320
1398/08/13,0,8000,0,2320
1398/08/13,0,500,0,2316
1398/08/13,0,500,0,2316
1398/08/13,0,1815,0,2316
1398/08/13,0,16146,0,2315
1398/08/13,0,10000,0,2315
1398/08/13,0,71039,0,2314
1398/08/13,0,28961,0,2314
1398/08/13,0,14600,0,2314
1398/08/13,0,1300,0,2313
1398/08/13,0,1000,0,2313
1398/08/13,0,500,0,2313
1398/08/13,0,900,0,2313
1398/08/13,0,1000,0,2312
1398/08/13,0,3800,0,2312
1398/08/13,0,5000,0,2312
1398/08/13,0,6666,0,2311
1398/08/13,0,26273,0,2311
1398/08/13,0,10000,0,2311
1398/08/13,0,500,0,2320
1398/08/13,0,15964,0,2320
1398/08/13,0,5636,0,2315
1398/08/13,0,4000,0,2313
1398/08/13,0,500,0,2310
1398/08/13,0,1000,0,2309
1398/08/13,0,23650,0,2309
1398/08/13,0,2000,0,2309
1398/08/13,0,63214,0,2309
1398/08/13,0,36786,0,2309
1398/08/13,0,33333,0,2308
1398/08/13,0,29881,0,2308
1398/08/13,0,11667,0,2312
1398/08/13,0,20224,0,2310
1398/08/13,0,2000,0,2310
1398/08/13,0,20000,0,2305
1398/08/13,0,2000,0,2304
1398/08/13,0,10000,0,2304
1398/08/13,0,10000,0,2303
1398/08/13,0,1000,0,2303
1398/08/13,0,500,0,2303
1398/08/13,0,1000,0,2303
1398/08/13,0,1000,0,2302
1398/08/13,0,20609,0,2302
1398/08/13,0,917,0,2302
1398/08/13,0,10000,0,2302
1398/08/13,0,500,0,2302
1398/08/13,0,1297,0,2302
1398/08/13,0,19995,0,2302
1398/08/13,0,13985,0,2301
1398/08/13,0,10000,0,2301
1398/08/13,0,34606,0,2301
1398/08/13,0,1000,0,2301
1398/08/13,0,700,0,2301
1398/08/13,0,7000,0,2301
1398/08/27,32996,0,8079,0
1398/08/27,5000,0,8080,0
1398/08/27,5000,0,8099,0
1398/08/27,1000,0,8099,0
1398/08/27,3755,0,8100,0
1398/08/27,500,0,8100,0
1398/08/27,1749,0,8100,0
1398/08/27,852,0,8100,0
1398/08/27,2000,0,8190,0
1398/08/27,25000,0,8190,0
1398/08/27,5000,0,8195,0
1398/08/27,2000,0,8196,0
1398/08/27,2000,0,8196,0
1398/08/27,2000,0,8196,0
1398/08/27,2500,0,8200,0
1398/08/27,3150,0,8200,0
1398/08/27,6350,0,8200,0
1398/08/27,30,0,8200,0
1398/08/27,6500,0,8215,0
1398/08/27,5000,0,8221,0
1398/08/27,6000,0,8221,0
1398/08/27,32470,0,8222,0
1398/08/27,2097,0,8222,0
1398/08/27,34567,0,8222,0
1398/08/27,13336,0,8222,0
1398/08/27,21231,0,8222,0
1398/08/27,28769,0,8222,0
1398/09/20,0,12542,0,12585
1398/11/30,0,307,0,16507
1398/11/30,0,603,0,16507
1398/11/30,0,1000,0,16507
1398/11/30,0,300,0,16506
1398/11/30,0,10000,0,16505
1398/11/30,0,603,0,16503
1398/11/30,0,11950,0,16502
1398/11/30,0,1281,0,16501
1398/11/30,0,90,0,16500
1398/11/30,0,5000,0,16500
1398/11/30,0,4500,0,16500
1398/11/30,0,2676,0,16500
1398/11/30,0,10,0,16504
1398/11/30,0,1000,0,16502
1398/11/30,0,590,0,16502
1398/11/30,0,600,0,16502
1398/11/30,0,6280,0,16502
1398/11/30,0,65,0,16502
1398/11/30,0,12000,0,16501
1398/11/30,0,2000,0,16500
1398/11/30,0,6937,0,16500
1398/11/30,0,300,0,16500
1398/11/30,0,100,0,16500
1398/11/30,0,1000,0,16500
1398/11/30,0,1000,0,16500
1398/11/30,0,1080,0,16500
1398/11/30,0,4596,0,16500
1398/11/30,0,66,0,16500
1398/11/30,0,4000,0,16500
1398/11/30,0,6850,0,16500
1398/11/30,0,1526,0,16500
1398/11/30,0,500,0,16408
1398/11/30,0,1000,0,16408
1398/11/30,0,2000,0,16408
1398/11/30,0,198,0,16407
1398/11/30,0,2000,0,16407
1398/11/30,0,70,0,16407
1398/11/30,0,8250,0,16407
1398/11/30,0,218,0,16404
1398/11/30,0,1300,0,16404
1398/11/30,0,4700,0,16402
1398/11/30,0,200,0,16402
1398/11/30,0,2305,0,16400
1398/11/30,0,3100,0,16400
1398/11/30,0,19587,0,16351
1398/11/30,0,4572,0,16350
1398/11/30,0,196,0,16500
1398/11/30,0,100,0,16500
1398/11/30,0,241,0,16500
1398/11/30,0,2000,0,16500
1398/11/30,0,61,0,16500
1398/11/30,0,3500,0,16500
1398/11/30,0,500,0,16500
1398/11/30,0,8402,0,16500
1398/11/30,0,12505,0,16500
1398/11/30,0,2495,0,16500
1398/11/30,0,3434,0,16500
1398/11/30,0,1000,0,16500
1398/11/30,0,3000,0,16500
1398/11/30,0,3005,0,16500
1398/11/30,0,221,0,16500
1398/11/30,0,19340,0,16500
1398/11/30,0,25660,0,16500
1398/11/30,0,1447,0,16500
1398/11/30,0,2893,0,16500
1398/11/30,0,2409,0,16500
1398/11/30,0,500,0,16500
1398/11/30,0,680,0,16500
1398/11/30,0,110,0,16500
1398/11/30,0,111,0,16500
1398/11/30,0,1190,0,16500
1398/11/30,0,810,0,16500
1398/11/30,0,604,0,16500
1398/11/30,0,2000,0,16500
1398/11/30,0,1586,0,16500
1400/06/07,4244,0,23470,0
1400/06/07,4244,0,23470,0
1400/06/07,4139,0,23470,0
1400/06/07,105,0,23470,0
1400/06/07,4244,0,23470,0
1400/06/07,4244,0,23470,0
1400/06/07,4244,0,23470,0
1400/06/07,4244,0,23470,0
1400/06/27,0,9000,0,19120
1400/06/27,0,5000,0,19110
1400/06/27,0,5000,0,19500
1400/06/27,0,3000,0,19340
1400/06/28,0,450,0,19200
1400/06/28,0,2550,0,19200
1400/06/28,0,4708,0,18270
1399/08/20,199,0,28290,0
1399/08/20,500,0,28290,0
1399/08/20,193,0,28290,0
1399/08/20,184,0,28290,0
1399/08/20,195,0,28290,0
1399/08/20,250,0,28290,0
1399/08/20,357,0,28290,0
1399/08/20,193,0,28290,0
1399/08/20,543,0,28290,0
1399/08/20,100,0,28290,0
1399/08/20,499,0,28290,0
1399/08/20,190,0,28290,0
1399/08/20,193,0,28290,0
1399/08/20,181,0,28290,0
1399/08/20,500,0,28290,0
1399/08/20,4400,0,28290,0
1399/08/20,1000,0,28290,0
1399/08/20,193,0,28290,0
1399/08/20,2138,0,28290,0
1399/08/20,500,0,28290,0
1399/08/20,145,0,28290,0
1399/08/20,1000,0,28290,0
1399/08/20,2899,0,28290,0
1399/08/20,243,0,28290,0
1399/08/20,447,0,28290,0
1399/08/20,500,0,28290,0
1399/08/20,35,0,28290,0
1399/08/20,300,0,28290,0
1399/08/20,500,0,28290,0
1399/08/20,329,0,28290,0
1399/08/20,500,0,28290,0
1399/08/20,2000,0,28290,0
1399/08/20,1401,0,28290,0
1399/08/20,250,0,28290,0
1399/08/20,2000,0,28290,0
1399/08/20,6406,0,28290,0
1399/08/20,465,0,28290,0
1399/08/20,100,0,28290,0
1399/08/20,1917,0,28290,0
1399/08/20,2558,0,28290,0
1399/08/20,3500,0,28290,0
1399/08/20,100,0,28290,0
1399/08/20,100,0,28290,0
1399/08/20,7934,0,28290,0
1399/08/20,1863,0,28290,0
1399/08/20,7008,0,28200,0
1399/08/20,5446,0,28260,0
1399/08/20,300,0,28260,0
1399/08/20,200,0,28260,0
1399/08/20,37000,0,28260,0
1399/08/20,46,0,28260,0
1399/08/27,0,407,0,33910
1399/08/27,0,900,0,33910
1399/08/27,0,5000,0,33910
1399/08/27,0,600,0,33910
1399/08/27,0,175,0,33910
1399/08/27,0,10000,0,33910
1399/08/27,0,20000,0,33910
1399/08/27,0,1000,0,33910
1399/08/27,0,10000,0,33910
1399/08/27,0,544,0,33910
1399/08/27,0,27149,0,33910
1399/08/27,0,1000,0,33910
1399/08/27,0,1000,0,33910
1399/08/27,0,22225,0,33910
1399/07/30,5929,0,181400,0
1399/07/30,15990,0,181400,0
1400/03/08,0,4023,0,78140
1400/03/08,0,4232,0,78140
1400/03/08,0,12745,0,78140
1400/04/07,0,919,0,118120
1398/07/17,274,0,6250,0
1398/08/28,0,41,0,15349
1398/09/03,0,23,0,17207
1398/09/03,0,210,0,16800
1398/07/20,97534,0,5462,0
1398/07/20,200,0,5462,0
1398/07/20,2266,0,5462,0
1398/07/20,97734,0,5462,0
1398/07/20,2266,0,5462,0
1398/07/20,97734,0,5462,0
1398/07/20,2266,0,5462,0
1398/08/20,0,1497,0,4995
1398/08/20,0,3500,0,4995
1398/08/20,0,15000,0,4995
1398/08/20,0,5798,0,4994
1398/08/20,0,201,0,4994
1398/08/20,0,1993,0,4994
1398/08/20,0,2000,0,4993
1398/08/20,0,2000,0,4993
1398/08/20,0,5200,0,4993
1398/08/20,0,2000,0,4992
1398/08/20,0,739,0,4992
1398/08/20,0,5200,0,4992
1398/08/20,0,2000,0,4991
1398/08/20,0,500,0,4991
1398/08/20,0,10000,0,4991
1398/08/20,0,31761,0,4990
1398/08/20,0,200,0,4990
1398/08/20,0,900,0,4990
1398/08/20,0,210,0,4990
1398/08/20,0,700,0,4990
1398/08/20,0,5000,0,4990
1398/08/20,0,400,0,4990
1398/08/20,0,1000,0,4990
1398/08/20,0,1000,0,4990
1398/08/20,0,201,0,4990
1398/08/20,0,1000,0,4990
1398/08/20,0,9194,0,4990
1398/08/20,0,2000,0,4990
1398/08/20,0,300,0,4990
1398/08/20,0,10000,0,4990
1398/08/20,0,1992,0,4990
1398/08/20,0,1575,0,4990
1398/08/20,0,8939,0,4990
1398/08/20,0,8361,0,4990
1398/08/20,0,10000,0,4990
1398/08/20,0,10000,0,4990
1398/08/20,0,10000,0,4990
1398/08/20,0,10000,0,4990
1398/08/20,0,10000,0,4990
1398/08/20,0,7639,0,4990
1398/08/20,0,19816,0,4990
1398/08/20,0,1992,0,4990
1398/08/20,0,50000,0,4990
1398/08/20,0,400,0,4990
1398/08/20,0,4986,0,4990
1398/08/20,0,2201,0,4990
1398/08/20,0,200,0,4990
1398/08/20,0,9050,0,4990
1398/08/20,0,10000,0,4990
1398/08/20,0,1355,0,4990
