GBP-IRR ratio,date,date(shamsi)
"176,570",1/1/2020,1398/10/11
"401,230",1/1/2022,1400/10/11
"493,090",1/1/2023,1401/10/11
"338,620",1/10/2021,1399/10/21
"383,310",1/10/2022,1400/10/20
"496,610",1/10/2023,1401/10/20
"176,380",1/11/2020,1398/10/21
"342,580",1/11/2021,1399/10/22
"382,950",1/11/2022,1400/10/21
"500,670",1/11/2023,1401/10/21
"175,020",1/12/2020,1398/10/22
"336,010",1/12/2021,1399/10/23
"387,280",1/12/2022,1400/10/22
"500,658",1/12/2023,1401/10/22
"176,860",1/13/2020,1398/10/23
"328,250",1/13/2021,1399/10/24
"387,280",1/13/2022,1400/10/23
"176,560",1/14/2020,1398/10/24
"328,250",1/14/2021,1399/10/25
"501,370",1/14/2023,1401/10/24
"177,110",1/15/2020,1398/10/25
"379,670",1/15/2022,1400/10/25
"502,100",1/15/2023,1401/10/25
"176,348",1/16/2020,1398/10/26
"313,390",1/16/2021,1399/10/27
"376,020",1/16/2022,1400/10/26
"514,480",1/16/2023,1401/10/26
"374,900",1/17/2022,1400/10/27
"534,140",1/17/2023,1401/10/27
"175,840",1/18/2020,1398/10/28
"302,270",1/18/2021,1399/10/29
"377,890",1/18/2022,1400/10/28
"528,690",1/18/2023,1401/10/28
"176,340",1/19/2020,1398/10/29
"312,000",1/19/2021,1399/10/30
"378,200",1/19/2022,1400/10/29
"542,239",1/19/2023,1401/10/29
"177,587",1/2/2020,1398/10/12
"354,650",1/2/2021,1399/10/13
"395,090",1/2/2022,1400/10/12
"476,070",1/2/2023,1401/10/12
"176,150",1/20/2020,1398/10/30
"315,750",1/20/2021,1399/11/01
"378,200",1/20/2022,1400/10/30
"177,870",1/21/2020,1398/11/01
"315,750",1/21/2021,1399/11/02
"557,350",1/21/2023,1401/11/01
"178,570",1/22/2020,1398/11/02
"379,790",1/22/2022,1400/11/02
"555,010",1/22/2023,1401/11/02
"177,936",1/23/2020,1398/11/03
"324,090",1/23/2021,1399/11/04
"379,850",1/23/2022,1400/11/03
"537,870",1/23/2023,1401/11/03
"321,720",1/24/2021,1399/11/05
"378,170",1/24/2022,1400/11/04
"540,920",1/24/2023,1401/11/04
"178,290",1/25/2020,1398/11/05
"324,880",1/25/2021,1399/11/06
"380,040",1/25/2022,1400/11/05
"552,380",1/25/2023,1401/11/05
"178,660",1/26/2020,1398/11/06
"329,270",1/26/2021,1399/11/07
"375,100",1/26/2022,1400/11/06
"544,640",1/26/2023,1401/11/06
"179,200",1/27/2020,1398/11/07
"330,110",1/27/2021,1399/11/08
"375,100",1/27/2022,1400/11/07
"179,200",1/28/2020,1398/11/08
"330,110",1/28/2021,1399/11/09
"556,040",1/28/2023,1401/11/08
"377,370",1/29/2022,1400/11/09
"551,670",1/29/2023,1401/11/09
"354,930",1/3/2021,1399/10/14
"394,460",1/3/2022,1400/10/13
"478,240",1/3/2023,1401/10/13
"180,500",1/30/2020,1398/11/10
"338,320",1/30/2021,1399/11/11
"375,140",1/30/2022,1400/11/10
"550,960",1/30/2023,1401/11/10
"332,280",1/31/2021,1399/11/12
"374,350",1/31/2022,1400/11/11
"550,550",1/31/2023,1401/11/11
"182,970",1/4/2020,1398/10/14
"358,470",1/4/2021,1399/10/15
"390,060",1/4/2022,1400/10/14
"479,430",1/4/2023,1401/10/14
"182,700",1/5/2020,1398/10/15
"353,960",1/5/2021,1399/10/16
"390,060",1/5/2022,1400/10/15
"479,430",1/5/2023,1401/10/15
"183,900",1/6/2020,1398/10/16
"349,730",1/6/2021,1399/10/17
"183,080",1/7/2020,1398/10/17
"349,730",1/7/2021,1399/10/18
"496,720",1/7/2023,1401/10/17
"175,270",1/8/2020,1398/10/18
"373,270",1/8/2022,1400/10/18
"496,460",1/8/2023,1401/10/18
"174,979",1/9/2020,1398/10/19
"340,590",1/9/2021,1399/10/20
"379,900",1/9/2022,1400/10/19
"496,563",1/9/2023,1401/10/19
"142,730",10/1/2019,1398/07/09
"387,390",10/1/2020,1399/07/10
"370,590",10/1/2022,1401/07/09
"143,881",10/10/2019,1398/07/18
"403,420",10/10/2020,1399/07/19
"373,675",10/10/2021,1400/07/18
"365,680",10/10/2022,1401/07/18
"411,330",10/11/2020,1399/07/20
"372,190",10/11/2021,1400/07/19
"362,040",10/11/2022,1401/07/19
"145,260",10/12/2019,1398/07/20
"412,580",10/12/2020,1399/07/21
"370,760",10/12/2021,1400/07/20
"368,320",10/12/2022,1401/07/20
"144,180",10/13/2019,1398/07/21
"413,340",10/13/2020,1399/07/22
"371,090",10/13/2021,1400/07/21
"368,320",10/13/2022,1401/07/21
"146,230",10/14/2019,1398/07/22
"415,900",10/14/2020,1399/07/23
"371,090",10/14/2021,1400/07/22
"148,010",10/15/2019,1398/07/23
"417,350",10/15/2020,1399/07/24
"370,400",10/15/2022,1401/07/23
"148,690",10/16/2019,1398/07/24
"373,750",10/16/2021,1400/07/24
"375,200",10/16/2022,1401/07/24
"148,519",10/17/2019,1398/07/25
"374,250",10/17/2021,1400/07/25
"371,700",10/17/2022,1401/07/25
"406,040",10/18/2020,1399/07/27
"379,280",10/18/2021,1400/07/26
"367,820",10/18/2022,1401/07/26
"357,050",10/19/2020,1399/07/28
"377,450",10/19/2021,1400/07/27
"368,080",10/19/2022,1401/07/27
"142,770",10/2/2019,1398/07/10
"382,390",10/2/2021,1400/07/10
"374,830",10/2/2022,1401/07/10
"148,290",10/20/2019,1398/07/28
"398,870",10/20/2020,1399/07/29
"378,630",10/20/2021,1400/07/28
"368,080",10/20/2022,1401/07/28
"147,710",10/21/2019,1398/07/29
"400,390",10/21/2020,1399/07/30
"378,630",10/21/2021,1400/07/29
"145,580",10/22/2019,1398/07/30
"400,390",10/22/2020,1399/08/01
"371,480",10/22/2022,1401/07/30
"145,110",10/23/2019,1398/08/01
"379,640",10/23/2021,1400/08/01
"370,090",10/23/2022,1401/08/01
"144,973",10/24/2019,1398/08/02
"390,220",10/24/2020,1399/08/03
"376,770",10/24/2022,1401/08/02
"379,390",10/25/2021,1400/08/03
"379,750",10/25/2022,1401/08/03
"145,223",10/26/2019,1398/08/04
"386,730",10/26/2020,1399/08/05
"380,650",10/26/2021,1400/08/04
"382,460",10/26/2022,1401/08/04
"376,480",10/27/2020,1399/08/06
"380,560",10/27/2021,1400/08/05
"382,460",10/27/2022,1401/08/05
"145,510",10/28/2019,1398/08/06
"375,090",10/28/2020,1399/08/07
"380,560",10/28/2021,1400/08/06
"375,090",10/29/2020,1399/08/08
"383,020",10/29/2022,1401/08/07
"142,790",10/3/2019,1398/07/11
"369,340",10/3/2020,1399/07/12
"385,320",10/3/2021,1400/07/11
"380,090",10/3/2022,1401/07/11
"146,710",10/30/2019,1398/08/08
"378,590",10/30/2021,1400/08/08
"382,060",10/30/2022,1401/08/08
"146,929",10/31/2019,1398/08/09
"373,010",10/31/2020,1399/08/10
"377,450",10/31/2021,1400/08/09
"383,640",10/31/2022,1401/08/09
"382,020",10/4/2020,1399/07/13
"385,320",10/4/2021,1400/07/12
"380,090",10/4/2022,1401/07/12
"142,160",10/5/2019,1398/07/13
"383,490",10/5/2020,1399/07/14
"142,070",10/6/2019,1398/07/14
"383,710",10/6/2020,1399/07/15
"381,510",10/6/2021,1400/07/14
"366,010",10/6/2022,1401/07/14
"141,280",10/7/2019,1398/07/15
"383,710",10/7/2020,1399/07/16
"141,790",10/8/2019,1398/07/16
"358,380",10/8/2022,1401/07/16
"141,560",10/9/2019,1398/07/17
"377,700",10/9/2021,1400/07/17
"358,960",10/9/2022,1401/07/17
"388,430",11/1/2020,1399/08/11
"376,760",11/1/2021,1400/08/10
"396,300",11/1/2022,1401/08/10
"148,750",11/10/2019,1398/08/19
"363,250",11/10/2020,1399/08/20
"382,490",11/10/2021,1400/08/19
"400,300",11/10/2022,1401/08/19
"148,780",11/11/2019,1398/08/20
"361,700",11/11/2020,1399/08/21
"382,490",11/11/2021,1400/08/20
"152,030",11/12/2019,1398/08/21
"361,700",11/12/2020,1399/08/22
"419,400",11/12/2022,1401/08/21
"152,170",11/13/2019,1398/08/22
"384,040",11/13/2021,1400/08/22
"419,660",11/13/2022,1401/08/22
"157,003",11/14/2019,1398/08/23
"345,900",11/14/2020,1399/08/24
"378,160",11/14/2021,1400/08/23
"422,730",11/14/2022,1401/08/23
"346,100",11/15/2020,1399/08/25
"379,070",11/15/2021,1400/08/24
"421,370",11/15/2022,1401/08/24
"158,950",11/16/2019,1398/08/25
"351,540",11/16/2020,1399/08/26
"383,200",11/16/2021,1400/08/25
"412,690",11/16/2022,1401/08/25
"159,000",11/17/2019,1398/08/26
"348,550",11/17/2020,1399/08/27
"380,510",11/17/2021,1400/08/26
"412,690",11/17/2022,1401/08/26
"159,300",11/18/2019,1398/08/27
"347,270",11/18/2020,1399/08/28
"380,510",11/18/2021,1400/08/27
"154,520",11/19/2019,1398/08/28
"347,270",11/19/2020,1399/08/29
"419,740",11/19/2022,1401/08/28
"148,160",11/2/2019,1398/08/11
"388,430",11/2/2020,1399/08/12
"382,590",11/2/2021,1400/08/11
"394,200",11/2/2022,1401/08/11
"155,030",11/20/2019,1398/08/29
"381,900",11/20/2021,1400/08/29
"420,740",11/20/2022,1401/08/29
"154,402",11/21/2019,1398/08/30
"345,670",11/21/2020,1399/09/01
"382,220",11/21/2021,1400/08/30
"423,300",11/21/2022,1401/08/30
"347,070",11/22/2020,1399/09/02
"383,840",11/22/2021,1400/09/01
"428,320",11/22/2022,1401/09/01
"157,880",11/23/2019,1398/09/02
"341,040",11/23/2020,1399/09/03
"389,770",11/23/2021,1400/09/02
"429,180",11/23/2022,1401/09/02
"161,190",11/24/2019,1398/09/03
"336,430",11/24/2020,1399/09/04
"386,960",11/24/2021,1400/09/03
"429,180",11/24/2022,1401/09/03
"159,020",11/25/2019,1398/09/04
"333,140",11/25/2020,1399/09/05
"386,960",11/25/2021,1400/09/04
"162,790",11/26/2019,1398/09/05
"333,140",11/26/2020,1399/09/06
"435,580",11/26/2022,1401/09/05
"163,300",11/27/2019,1398/09/06
"394,470",11/27/2021,1400/09/06
"432,590",11/27/2022,1401/09/06
"163,470",11/28/2019,1398/09/07
"337,820",11/28/2020,1399/09/08
"392,990",11/28/2021,1400/09/07
"429,870",11/28/2022,1401/09/07
"342,860",11/29/2020,1399/09/09
"386,020",11/29/2021,1400/09/08
"425,870",11/29/2022,1401/09/08
"147,430",11/3/2019,1398/08/12
"375,640",11/3/2021,1400/08/12
"394,200",11/3/2022,1401/08/12
"166,320",11/30/2019,1398/09/09
"355,800",11/30/2020,1399/09/10
"390,150",11/30/2021,1400/09/09
"438,080",11/30/2022,1401/09/09
"147,810",11/4/2019,1398/08/13
"367,700",11/4/2020,1399/08/14
"375,640",11/4/2021,1400/08/13
"147,691",11/5/2019,1398/08/14
"351,440",11/5/2020,1399/08/15
"412,650",11/5/2022,1401/08/14
"379,190",11/6/2021,1400/08/15
"414,880",11/6/2022,1401/08/15
"146,775",11/7/2019,1398/08/16
"346,090",11/7/2020,1399/08/17
"381,250",11/7/2021,1400/08/16
"418,570",11/7/2022,1401/08/16
"362,490",11/8/2020,1399/08/18
"381,360",11/8/2021,1400/08/17
"404,060",11/8/2022,1401/08/17
"146,950",11/9/2019,1398/08/18
"375,110",11/9/2020,1399/08/19
"384,100",11/9/2021,1400/08/18
"400,300",11/9/2022,1401/08/18
"164,300",12/1/2019,1398/09/10
"347,950",12/1/2020,1399/09/11
"392,150",12/1/2021,1400/09/10
"438,080",12/1/2022,1401/09/10
"173,490",12/10/2019,1398/09/19
"350,200",12/10/2020,1399/09/20
"457,220",12/10/2022,1401/09/19
"168,630",12/11/2019,1398/09/20
"401,590",12/11/2021,1400/09/20
"465,080",12/11/2022,1401/09/20
"169,014",12/12/2019,1398/09/21
"345,260",12/12/2020,1399/09/22
"395,340",12/12/2021,1400/09/21
"476,960",12/12/2022,1401/09/21
"345,100",12/13/2020,1399/09/23
"401,320",12/13/2021,1400/09/22
"473,630",12/13/2022,1401/09/22
"168,440",12/14/2019,1398/09/23
"346,950",12/14/2020,1399/09/24
"399,870",12/14/2021,1400/09/23
"471,500",12/14/2022,1401/09/23
"170,810",12/15/2019,1398/09/24
"344,060",12/15/2020,1399/09/25
"401,550",12/15/2021,1400/09/24
"471,500",12/15/2022,1401/09/24
"172,500",12/16/2019,1398/09/25
"347,260",12/16/2020,1399/09/26
"401,550",12/16/2021,1400/09/25
"169,640",12/17/2019,1398/09/26
"347,260",12/17/2020,1399/09/27
"477,350",12/17/2022,1401/09/26
"171,140",12/18/2019,1398/09/27
"397,670",12/18/2021,1400/09/27
"482,480",12/18/2022,1401/09/27
"172,348",12/19/2019,1398/09/28
"340,960",12/19/2020,1399/09/29
"400,110",12/19/2021,1400/09/28
"474,490",12/19/2022,1401/09/28
"166,850",12/2/2019,1398/09/11
"354,190",12/2/2020,1399/09/12
"392,150",12/2/2021,1400/09/11
"341,810",12/20/2020,1399/09/30
"401,520",12/20/2021,1400/09/29
"478,970",12/20/2022,1401/09/29
"172,080",12/21/2019,1398/09/30
"342,630",12/21/2020,1399/10/01
"403,010",12/21/2021,1400/09/30
"479,320",12/21/2022,1401/09/30
"170,830",12/22/2019,1398/10/01
"346,130",12/22/2020,1399/10/02
"405,070",12/22/2021,1400/10/01
"479,320",12/22/2022,1401/10/01
"170,770",12/23/2019,1398/10/02
"345,760",12/23/2020,1399/10/03
"405,070",12/23/2021,1400/10/02
"171,170",12/24/2019,1398/10/03
"345,760",12/24/2020,1399/10/04
"494,210",12/24/2022,1401/10/03
"171,970",12/25/2019,1398/10/04
"402,180",12/25/2021,1400/10/04
"500,560",12/25/2022,1401/10/04
"172,918",12/26/2019,1398/10/05
"352,410",12/26/2020,1399/10/06
"402,540",12/26/2021,1400/10/05
"500,560",12/26/2022,1401/10/05
"351,960",12/27/2020,1399/10/07
"397,990",12/27/2021,1400/10/06
"172,950",12/28/2019,1398/10/07
"350,160",12/28/2020,1399/10/08
"401,530",12/28/2021,1400/10/07
"529,660",12/28/2022,1401/10/07
"173,660",12/29/2019,1398/10/08
"352,890",12/29/2020,1399/10/09
"404,450",12/29/2021,1400/10/08
"522,590",12/29/2022,1401/10/08
"169,780",12/3/2019,1398/09/12
"350,458",12/3/2020,1399/09/13
"446,210",12/3/2022,1401/09/12
"177,170",12/30/2019,1398/10/09
"353,970",12/30/2020,1399/10/10
"404,450",12/30/2021,1400/10/09
"177,080",12/31/2019,1398/10/10
"352,530",12/31/2020,1399/10/11
"498,260",12/31/2022,1401/10/10
"172,360",12/4/2019,1398/09/13
"403,240",12/4/2021,1400/09/13
"442,790",12/4/2022,1401/09/13
"172,599",12/5/2019,1398/09/14
"350,740",12/5/2020,1399/09/15
"411,180",12/5/2021,1400/09/14
"442,970",12/5/2022,1401/09/14
"347,440",12/6/2020,1399/09/16
"407,250",12/6/2021,1400/09/15
"441,820",12/6/2022,1401/09/15
"177,490",12/7/2019,1398/09/16
"349,150",12/7/2020,1399/09/17
"407,390",12/7/2021,1400/09/16
"444,440",12/7/2022,1401/09/16
"182,330",12/8/2019,1398/09/17
"354,480",12/8/2020,1399/09/18
"406,800",12/8/2021,1400/09/17
"449,801",12/8/2022,1401/09/17
"179,820",12/9/2019,1398/09/18
"350,200",12/9/2020,1399/09/19
"406,800",12/9/2021,1400/09/18
"179,690",2/1/2020,1398/11/12
"335,330",2/1/2021,1399/11/13
"371,580",2/1/2022,1400/11/12
"556,600",2/1/2023,1401/11/12
"181,050",2/10/2020,1398/11/21
"358,060",2/10/2022,1400/11/21
"359,420",2/11/2021,1399/11/23
"183,040",2/12/2020,1398/11/23
"366,380",2/12/2022,1400/11/23
"553,590",2/12/2023,1401/11/23
"183,040",2/13/2020,1398/11/24
"359,840",2/13/2021,1399/11/25
"366,530",2/13/2022,1400/11/24
"558,090",2/13/2023,1401/11/24
"357,730",2/14/2021,1399/11/26
"363,090",2/14/2022,1400/11/25
"573,850",2/14/2023,1401/11/25
"185,780",2/15/2020,1398/11/26
"366,910",2/15/2021,1399/11/27
"573,813",2/15/2023,1401/11/26
"185,160",2/16/2020,1398/11/27
"360,150",2/16/2021,1399/11/28
"360,580",2/16/2022,1400/11/27
"573,590",2/16/2023,1401/11/27
"188,350",2/17/2020,1398/11/28
"365,420",2/17/2021,1399/11/29
"358,392",2/17/2022,1400/11/28
"186,520",2/18/2020,1398/11/29
"365,420",2/18/2021,1399/11/30
"185,890",2/19/2020,1398/11/30
"348,160",2/19/2022,1400/11/30
"600,350",2/19/2023,1401/11/30
"177,730",2/2/2020,1398/11/13
"329,990",2/2/2021,1399/11/14
"372,120",2/2/2022,1400/11/13
"553,550",2/2/2023,1401/11/13
"185,890",2/20/2020,1398/12/01
"349,280",2/20/2021,1399/12/02
"354,090",2/20/2022,1400/12/01
"604,640",2/20/2023,1401/12/01
"347,280",2/21/2021,1399/12/03
"356,900",2/21/2022,1400/12/02
"615,750",2/21/2023,1401/12/02
"199,880",2/22/2020,1398/12/03
"357,740",2/22/2021,1399/12/04
"354,650",2/22/2022,1400/12/03
"650,000",2/22/2023,1401/12/03
"202,470",2/23/2020,1398/12/04
"361,410",2/23/2021,1399/12/05
"352,700",2/23/2022,1400/12/04
"629,000",2/23/2023,1401/12/04
"204,220",2/24/2020,1398/12/05
"361,410",2/24/2021,1399/12/06
"352,700",2/24/2022,1400/12/05
"202,730",2/25/2020,1398/12/06
"636,000",2/25/2023,1401/12/06
"203,140",2/26/2020,1398/12/07
"352,650",2/26/2022,1400/12/07
"623,524",2/26/2023,1401/12/07
"203,140",2/27/2020,1398/12/08
"356,270",2/27/2021,1399/12/09
"352,060",2/27/2022,1400/12/08
"612,872",2/27/2023,1401/12/08
"357,760",2/28/2021,1399/12/10
"352,060",2/28/2022,1400/12/09
"616,834",2/28/2023,1401/12/09
"199,490",2/29/2020,1398/12/10
"177,630",2/3/2020,1398/11/14
"330,010",2/3/2021,1399/11/15
"372,120",2/3/2022,1400/11/14
"178,390",2/4/2020,1398/11/15
"330,010",2/4/2021,1399/11/16
"178,010",2/5/2020,1398/11/16
"363,970",2/5/2022,1400/11/16
"536,210",2/5/2023,1401/11/16
"178,010",2/6/2020,1398/11/17
"337,800",2/6/2021,1399/11/18
"359,890",2/6/2022,1400/11/17
"531,530",2/6/2023,1401/11/17
"345,960",2/7/2021,1399/11/19
"355,090",2/7/2022,1400/11/18
"537,980",2/7/2023,1401/11/18
"179,830",2/8/2020,1398/11/19
"349,720",2/8/2021,1399/11/20
"357,440",2/8/2022,1400/11/19
"546,800",2/8/2023,1401/11/19
"181,050",2/9/2020,1398/11/20
"349,720",2/9/2021,1399/11/21
"358,060",2/9/2022,1400/11/20
"553,710",2/9/2023,1401/11/20
"201,380",3/1/2020,1398/12/11
"355,420",3/1/2021,1399/12/11
"624,366",3/1/2023,1401/12/10
"199,220",3/10/2020,1398/12/20
"344,710",3/10/2021,1399/12/20
"340,370",3/10/2022,1400/12/19
"196,030",3/11/2020,1398/12/21
"535,250",3/11/2023,1401/12/20
"196,030",3/12/2020,1398/12/22
"345,320",3/12/2022,1400/12/21
"550,070",3/12/2023,1401/12/21
"346,030",3/13/2021,1399/12/23
"344,020",3/13/2022,1400/12/22
"572,390",3/13/2023,1401/12/22
"199,460",3/14/2020,1398/12/24
"346,530",3/14/2021,1399/12/24
"344,950",3/14/2022,1400/12/23
"564,810",3/14/2023,1401/12/23
"201,740",3/15/2020,1398/12/25
"348,150",3/15/2021,1399/12/25
"346,670",3/15/2022,1400/12/24
"561,680",3/15/2023,1401/12/24
"204,790",3/16/2020,1398/12/26
"348,550",3/16/2021,1399/12/26
"344,720",3/16/2022,1400/12/25
"565,659",3/16/2023,1401/12/25
"188,630",3/17/2020,1398/12/27
"352,990",3/17/2021,1399/12/27
"344,720",3/17/2022,1400/12/26
"188,630",3/18/2020,1398/12/28
"352,990",3/18/2021,1399/12/28
"664,000",3/18/2023,1401/12/27
"345,556",3/19/2022,1400/12/28
"661,000",3/19/2023,1401/12/28
"197,280",3/2/2020,1398/12/12
"357,110",3/2/2021,1399/12/12
"346,880",3/2/2022,1400/12/11
"618,750",3/2/2023,1401/12/11
"195,304",3/24/2020,1399/01/05
"195,848",3/25/2020,1399/01/06
"352,846",3/25/2021,1400/01/05
"655,100",3/25/2023,1402/01/05
"198,002",3/26/2020,1399/01/07
"347,120",3/26/2022,1401/01/06
"643,800",3/26/2023,1402/01/06
"356,480",3/27/2021,1400/01/07
"349,980",3/27/2022,1401/01/07
"657,000",3/27/2023,1402/01/07
"192,335",3/28/2020,1399/01/09
"356,480",3/28/2021,1400/01/08
"356,110",3/28/2022,1401/01/08
"657,800",3/28/2023,1402/01/08
"191,392",3/29/2020,1399/01/10
"357,260",3/29/2022,1401/01/09
"658,800",3/29/2023,1402/01/09
"198,390",3/3/2020,1398/12/13
"351,460",3/3/2021,1399/12/13
"346,880",3/3/2022,1400/12/12
"196,254",3/30/2020,1399/01/11
"358,400",3/30/2021,1400/01/10
"356,010",3/30/2022,1401/01/10
"645,100",3/30/2023,1402/01/10
"358,400",3/31/2021,1400/01/11
"356,010",3/31/2022,1401/01/11
"198,120",3/4/2020,1398/12/14
"351,460",3/4/2021,1399/12/14
"612,790",3/4/2023,1401/12/13
"198,120",3/5/2020,1398/12/15
"339,720",3/5/2022,1400/12/14
"614,400",3/5/2023,1401/12/14
"346,090",3/6/2021,1399/12/16
"341,810",3/6/2022,1400/12/15
"597,230",3/6/2023,1401/12/15
"201,110",3/7/2020,1398/12/17
"344,420",3/7/2021,1399/12/17
"344,010",3/7/2022,1400/12/16
"597,230",3/7/2023,1401/12/16
"345,580",3/8/2021,1399/12/18
"342,190",3/8/2022,1400/12/17
"201,370",3/9/2020,1398/12/19
"344,710",3/9/2021,1399/12/19
"340,370",3/9/2022,1400/12/18
"543,401",3/9/2023,1401/12/18
"342,360",4/10/2021,1400/01/21
"367,200",4/10/2022,1401/01/21
"631,690",4/10/2023,1402/01/21
"202,470",4/11/2020,1399/01/23
"346,650",4/11/2021,1400/01/22
"368,010",4/11/2022,1401/01/22
"635,033",4/11/2023,1402/01/22
"202,140",4/12/2020,1399/01/24
"346,970",4/12/2021,1400/01/23
"364,300",4/12/2022,1401/01/23
"202,300",4/13/2020,1399/01/25
"346,490",4/13/2021,1400/01/24
"366,070",4/13/2022,1401/01/24
"632,617",4/13/2023,1402/01/24
"200,020",4/14/2020,1399/01/26
"348,000",4/14/2021,1400/01/25
"366,070",4/14/2022,1401/01/25
"200,010",4/15/2020,1399/01/27
"348,000",4/15/2021,1400/01/26
"636,330",4/15/2023,1402/01/26
"200,010",4/16/2020,1399/01/28
"364,560",4/16/2022,1401/01/27
"635,780",4/16/2023,1402/01/27
"343,800",4/17/2021,1400/01/28
"360,040",4/17/2022,1401/01/28
"642,590",4/17/2023,1402/01/28
"193,430",4/18/2020,1399/01/30
"339,490",4/18/2021,1400/01/29
"358,570",4/18/2022,1401/01/29
"642,910",4/18/2023,1402/01/29
"192,720",4/19/2020,1399/01/31
"340,040",4/19/2021,1400/01/30
"362,030",4/19/2022,1401/01/30
"639,510",4/19/2023,1402/01/30
"199,880",4/2/2020,1399/01/14
"200,500",4/20/2020,1399/02/01
"339,380",4/20/2021,1400/01/31
"363,090",4/20/2022,1401/01/31
"643,483",4/20/2023,1402/01/31
"201,530",4/21/2020,1399/02/02
"334,170",4/21/2021,1400/02/01
"363,090",4/21/2022,1401/02/01
"201,000",4/22/2020,1399/02/03
"334,170",4/22/2021,1400/02/02
"201,000",4/23/2020,1399/02/04
"332,420",4/24/2021,1400/02/04
"353,890",4/24/2022,1401/02/04
"642,368",4/24/2023,1402/02/04
"200,140",4/25/2020,1399/02/06
"331,970",4/25/2021,1400/02/05
"352,560",4/25/2022,1401/02/05
"642,170",4/25/2023,1402/02/05
"200,890",4/26/2020,1399/02/07
"332,520",4/26/2021,1400/02/06
"351,600",4/26/2022,1401/02/06
"665,880",4/26/2023,1402/02/06
"201,270",4/27/2020,1399/02/08
"333,200",4/27/2021,1400/02/07
"350,170",4/27/2022,1401/02/07
"665,880",4/27/2023,1402/02/07
"203,240",4/28/2020,1399/02/09
"331,120",4/28/2021,1400/02/08
"350,170",4/28/2022,1401/02/08
"202,030",4/29/2020,1399/02/10
"331,120",4/29/2021,1400/02/09
"689,980",4/29/2023,1402/02/09
"348,240",4/3/2021,1400/01/14
"358,250",4/3/2022,1401/01/14
"638,360",4/3/2023,1402/01/14
"202,030",4/30/2020,1399/02/11
"354,130",4/30/2022,1401/02/10
"696,030",4/30/2023,1402/02/10
"202,340",4/4/2020,1399/01/16
"349,780",4/4/2021,1400/01/15
"365,170",4/4/2022,1401/01/15
"636,520",4/4/2023,1402/01/15
"201,100",4/5/2020,1399/01/17
"352,650",4/5/2021,1400/01/16
"359,650",4/5/2022,1401/01/16
"631,030",4/5/2023,1402/01/16
"199,620",4/6/2020,1399/01/18
"348,440",4/6/2021,1400/01/17
"362,430",4/6/2022,1401/01/17
"632,957",4/6/2023,1402/01/17
"198,340",4/7/2020,1399/01/19
"344,270",4/7/2021,1400/01/18
"362,430",4/7/2022,1401/01/18
"198,340",4/8/2020,1399/01/20
"344,270",4/8/2021,1400/01/19
"624,640",4/8/2023,1402/01/19
"366,110",4/9/2022,1401/01/20
"622,850",4/9/2023,1402/01/20
"309,380",5/1/2021,1400/02/11
"353,280",5/1/2022,1401/02/11
"681,620",5/1/2023,1402/02/11
"208,150",5/10/2020,1399/02/21
"317,951",5/10/2021,1400/02/20
"362,044",5/10/2022,1401/02/20
"665,450",5/10/2023,1402/02/20
"209,980",5/11/2020,1399/02/22
"320,470",5/11/2021,1400/02/21
"367,080",5/11/2022,1401/02/21
"665,450",5/11/2023,1402/02/21
"209,580",5/12/2020,1399/02/23
"321,360",5/12/2021,1400/02/22
"377,000",5/12/2022,1401/02/22
"205,930",5/13/2020,1399/02/24
"639,680",5/13/2023,1402/02/23
"205,930",5/14/2020,1399/02/25
"374,880",5/14/2022,1401/02/24
"652,770",5/14/2023,1402/02/24
"325,890",5/15/2021,1400/02/25
"373,900",5/15/2022,1401/02/25
"644,969",5/15/2023,1402/02/25
"205,160",5/16/2020,1399/02/27
"326,170",5/16/2021,1400/02/26
"376,970",5/16/2022,1401/02/26
"215,340",5/17/2020,1399/02/28
"331,210",5/17/2021,1400/02/27
"373,430",5/17/2022,1401/02/27
"636,320",5/17/2023,1402/02/27
"217,110",5/18/2020,1399/02/29
"326,360",5/18/2021,1400/02/28
"371,620",5/18/2022,1401/02/28
"636,320",5/18/2023,1402/02/28
"219,900",5/19/2020,1399/02/30
"327,870",5/19/2021,1400/02/29
"371,620",5/19/2022,1401/02/29
"201,350",5/2/2020,1399/02/13
"309,650",5/2/2021,1400/02/12
"353,280",5/2/2022,1401/02/12
"675,380",5/2/2023,1402/02/12
"216,880",5/20/2020,1399/02/31
"327,870",5/20/2021,1400/02/30
"645,190",5/20/2023,1402/02/30
"216,880",5/21/2020,1399/03/01
"378,710",5/21/2022,1401/02/31
"650,130",5/21/2023,1402/02/31
"329,550",5/22/2021,1400/03/01
"380,130",5/22/2022,1401/03/01
"648,300",5/22/2023,1402/03/01
"216,170",5/23/2020,1399/03/03
"332,510",5/23/2021,1400/03/02
"377,890",5/23/2022,1401/03/02
"637,030",5/23/2023,1402/03/02
"329,590",5/24/2021,1400/03/03
"378,100",5/24/2022,1401/03/03
"645,530",5/24/2023,1402/03/03
"331,090",5/25/2021,1400/03/04
"380,740",5/25/2022,1401/03/04
"645,530",5/25/2023,1402/03/04
"212,830",5/26/2020,1399/03/06
"332,290",5/26/2021,1400/03/05
"382,743",5/26/2022,1401/03/05
"215,820",5/27/2020,1399/03/07
"332,290",5/27/2021,1400/03/06
"636,290",5/27/2023,1402/03/06
"215,820",5/28/2020,1399/03/08
"386,170",5/28/2022,1401/03/07
"640,300",5/28/2023,1402/03/07
"343,300",5/29/2021,1400/03/08
"390,320",5/29/2022,1401/03/08
"637,120",5/29/2023,1402/03/08
"200,960",5/3/2020,1399/02/14
"309,650",5/3/2021,1400/02/13
"677,280",5/3/2023,1402/02/13
"217,700",5/30/2020,1399/03/10
"345,340",5/30/2021,1400/03/09
"390,610",5/30/2022,1401/03/09
"630,970",5/30/2023,1402/03/09
"219,690",5/31/2020,1399/03/11
"348,190",5/31/2021,1400/03/10
"393,640",5/31/2022,1401/03/10
"640,600",5/31/2023,1402/03/10
"201,370",5/4/2020,1399/02/15
"677,280",5/4/2023,1402/02/14
"199,720",5/5/2020,1399/02/16
"304,580",5/5/2021,1400/02/15
"351,710",5/5/2022,1401/02/15
"201,880",5/6/2020,1399/02/17
"304,580",5/6/2021,1400/02/16
"659,310",5/6/2023,1402/02/16
"201,880",5/7/2020,1399/02/18
"350,080",5/7/2022,1401/02/17
"677,740",5/7/2023,1402/02/17
"305,650",5/8/2021,1400/02/18
"351,360",5/8/2022,1401/02/18
"669,540",5/8/2023,1402/02/18
"205,090",5/9/2020,1399/02/20
"316,170",5/9/2021,1400/02/19
"357,750",5/9/2022,1401/02/19
"667,750",5/9/2023,1402/02/19
"222,570",6/1/2020,1399/03/12
"344,850",6/1/2021,1400/03/11
"392,580",6/1/2022,1401/03/11
"640,600",6/1/2023,1402/03/11
"228,150",6/10/2020,1399/03/21
"340,330",6/10/2021,1400/03/20
"591,090",6/10/2023,1402/03/20
"228,150",6/11/2020,1399/03/22
"405,640",6/11/2022,1401/03/21
"602,150",6/11/2023,1402/03/21
"343,050",6/12/2021,1400/03/22
"397,490",6/12/2022,1401/03/22
"629,560",6/12/2023,1402/03/22
"225,520",6/13/2020,1399/03/24
"342,790",6/13/2021,1400/03/23
"386,460",6/13/2022,1401/03/23
"620,550",6/13/2023,1402/03/23
"230,030",6/14/2020,1399/03/25
"343,360",6/14/2021,1400/03/24
"380,740",6/14/2022,1401/03/24
"619,650",6/14/2023,1402/03/24
"234,040",6/15/2020,1399/03/26
"345,710",6/15/2021,1400/03/25
"386,460",6/15/2022,1401/03/25
"619,650",6/15/2023,1402/03/25
"234,040",6/16/2020,1399/03/27
"345,550",6/16/2021,1400/03/26
"386,460",6/16/2022,1401/03/26
"345,550",6/17/2021,1400/03/27
"631,300",6/17/2023,1402/03/27
"235,820",6/18/2020,1399/03/29
"387,190",6/18/2022,1401/03/28
"623,770",6/18/2023,1402/03/28
"335,260",6/19/2021,1400/03/29
"388,390",6/19/2022,1401/03/29
"623,730",6/19/2023,1402/03/29
"223,079",6/2/2020,1399/03/13
"338,970",6/2/2021,1400/03/12
"392,580",6/2/2022,1401/03/12
"241,140",6/20/2020,1399/03/31
"339,900",6/20/2021,1400/03/30
"389,310",6/20/2022,1401/03/30
"619,520",6/20/2023,1402/03/30
"246,580",6/21/2020,1399/04/01
"342,230",6/21/2021,1400/03/31
"393,470",6/21/2022,1401/03/31
"633,680",6/21/2023,1402/03/31
"252,240",6/22/2020,1399/04/02
"342,180",6/22/2021,1400/04/01
"389,190",6/22/2022,1401/04/01
"633,680",6/22/2023,1402/04/01
"242,250",6/23/2020,1399/04/03
"341,050",6/23/2021,1400/04/02
"389,190",6/23/2022,1401/04/02
"238,610",6/24/2020,1399/04/04
"341,050",6/24/2021,1400/04/03
"635,130",6/24/2023,1402/04/03
"238,610",6/25/2020,1399/04/05
"384,770",6/25/2022,1401/04/04
"633,200",6/25/2023,1402/04/04
"347,260",6/26/2021,1400/04/05
"375,540",6/26/2022,1401/04/05
"628,430",6/26/2023,1402/04/05
"249,890",6/27/2020,1399/04/07
"347,220",6/27/2021,1400/04/06
"374,450",6/27/2022,1401/04/06
"622,970",6/27/2023,1402/04/06
"248,320",6/28/2020,1399/04/08
"350,080",6/28/2021,1400/04/07
"377,820",6/28/2022,1401/04/07
"622,970",6/28/2023,1402/04/07
"254,750",6/29/2020,1399/04/09
"356,160",6/29/2021,1400/04/08
"388,130",6/29/2022,1401/04/08
"338,970",6/3/2021,1400/03/13
"633,050",6/3/2023,1402/03/13
"256,810",6/30/2020,1399/04/10
"351,980",6/30/2021,1400/04/09
"388,130",6/30/2022,1401/04/09
"224,390",6/6/2020,1399/03/17
"399,800",6/6/2022,1401/03/16
"617,410",6/6/2023,1402/03/16
"223,790",6/7/2020,1399/03/18
"341,770",6/7/2021,1400/03/17
"397,780",6/7/2022,1401/03/17
"615,730",6/7/2023,1402/03/17
"227,010",6/8/2020,1399/03/19
"343,880",6/8/2021,1400/03/18
"401,510",6/8/2022,1401/03/18
"615,730",6/8/2023,1402/03/18
"229,970",6/9/2020,1399/03/20
"340,330",6/9/2021,1400/03/19
"401,510",6/9/2022,1401/03/19
"260,280",7/1/2020,1399/04/11
"351,980",7/1/2021,1400/04/10
"634,450",7/1/2023,1402/04/10
"352,060",7/10/2021,1400/04/19
"634,160",7/10/2023,1402/04/19
"286,610",7/11/2020,1399/04/21
"351,460",7/11/2021,1400/04/20
"376,320",7/11/2022,1401/04/20
"640,100",7/11/2023,1402/04/20
"295,570",7/12/2020,1399/04/22
"345,000",7/12/2021,1400/04/21
"376,860",7/12/2022,1401/04/21
"643,680",7/12/2023,1402/04/21
"296,250",7/13/2020,1399/04/23
"343,620",7/13/2021,1400/04/22
"379,430",7/13/2022,1401/04/22
"643,680",7/13/2023,1402/04/22
"301,230",7/14/2020,1399/04/24
"345,060",7/14/2021,1400/04/23
"379,430",7/14/2022,1401/04/23
"302,900",7/15/2020,1399/04/25
"345,060",7/15/2021,1400/04/24
"633,360",7/15/2023,1402/04/24
"302,900",7/16/2020,1399/04/26
"381,000",7/16/2022,1401/04/25
"640,120",7/16/2023,1402/04/25
"340,470",7/17/2021,1400/04/26
"381,000",7/17/2022,1401/04/26
"636,820",7/17/2023,1402/04/26
"308,640",7/18/2020,1399/04/28
"337,100",7/18/2021,1400/04/27
"625,590",7/18/2023,1402/04/27
"289,700",7/19/2020,1399/04/29
"336,100",7/19/2021,1400/04/28
"380,950",7/19/2022,1401/04/28
"626,550",7/19/2023,1402/04/28
"264,425",7/2/2020,1399/04/12
"389,260",7/2/2022,1401/04/11
"638,740",7/2/2023,1402/04/11
"279,160",7/20/2020,1399/04/30
"336,100",7/20/2021,1400/04/29
"380,770",7/20/2022,1401/04/29
"626,550",7/20/2023,1402/04/29
"275,950",7/21/2020,1399/04/31
"380,770",7/21/2022,1401/04/30
"278,690",7/22/2020,1399/05/01
"341,450",7/22/2021,1400/04/31
"621,370",7/22/2023,1402/04/31
"278,690",7/23/2020,1399/05/02
"384,640",7/23/2022,1401/05/01
"624,910",7/23/2023,1402/05/01
"343,230",7/24/2021,1400/05/02
"383,500",7/24/2022,1401/05/02
"627,530",7/24/2023,1402/05/02
"297,120",7/25/2020,1399/05/04
"348,780",7/25/2021,1400/05/03
"384,560",7/25/2022,1401/05/03
"633,190",7/25/2023,1402/05/03
"301,530",7/26/2020,1399/05/05
"351,710",7/26/2021,1400/05/04
"385,330",7/26/2022,1401/05/04
"631,830",7/26/2023,1402/05/04
"303,670",7/27/2020,1399/05/06
"357,360",7/27/2021,1400/05/05
"386,640",7/27/2022,1401/05/05
"304,400",7/28/2020,1399/05/07
"357,360",7/28/2021,1400/05/06
"386,640",7/28/2022,1401/05/06
"307,060",7/29/2020,1399/05/08
"627,280",7/29/2023,1402/05/07
"352,270",7/3/2021,1400/04/12
"385,480",7/3/2022,1401/04/12
"639,350",7/3/2023,1402/04/12
"307,060",7/30/2020,1399/05/09
"387,110",7/30/2022,1401/05/08
"634,380",7/30/2023,1402/05/08
"356,640",7/31/2021,1400/05/09
"389,370",7/31/2022,1401/05/09
"641,430",7/31/2023,1402/05/09
"278,780",7/4/2020,1399/04/14
"350,330",7/4/2021,1400/04/13
"374,210",7/4/2022,1401/04/13
"639,270",7/4/2023,1402/04/13
"272,450",7/5/2020,1399/04/15
"350,730",7/5/2021,1400/04/14
"375,570",7/5/2022,1401/04/14
"645,320",7/5/2023,1402/04/14
"278,590",7/6/2020,1399/04/16
"350,010",7/6/2021,1400/04/15
"374,350",7/6/2022,1401/04/15
"645,320",7/6/2023,1402/04/15
"282,930",7/7/2020,1399/04/17
"348,700",7/7/2021,1400/04/16
"374,350",7/7/2022,1401/04/16
"284,510",7/8/2020,1399/04/18
"349,840",7/8/2021,1400/04/17
"641,710",7/8/2023,1402/04/17
"284,510",7/9/2020,1399/04/19
"378,810",7/9/2022,1401/04/18
"640,280",7/9/2023,1402/04/18
"304,400",8/1/2020,1399/05/11
"357,040",8/1/2021,1400/05/10
"386,830",8/1/2022,1401/05/10
"641,430",8/1/2023,1402/05/10
"140,730",8/10/2019,1398/05/19
"291,510",8/10/2020,1399/05/20
"371,410",8/10/2021,1400/05/19
"381,390",8/10/2022,1401/05/19
"634,080",8/10/2023,1402/05/19
"141,105",8/11/2019,1398/05/20
"290,880",8/11/2020,1399/05/21
"368,730",8/11/2021,1400/05/20
"381,390",8/11/2022,1401/05/20
"294,420",8/12/2020,1399/05/22
"368,730",8/12/2021,1400/05/21
"623,920",8/12/2023,1402/05/21
"140,870",8/13/2019,1398/05/22
"294,420",8/13/2020,1399/05/23
"368,030",8/13/2022,1401/05/22
"625,650",8/13/2023,1402/05/22
"141,720",8/14/2019,1398/05/23
"375,540",8/14/2021,1400/05/23
"364,690",8/14/2022,1401/05/23
"627,040",8/14/2023,1402/05/23
"142,756",8/15/2019,1398/05/24
"294,290",8/15/2020,1399/05/25
"375,190",8/15/2021,1400/05/24
"365,640",8/15/2022,1401/05/24
"623,510",8/15/2023,1402/05/24
"304,300",8/16/2020,1399/05/26
"372,390",8/16/2021,1400/05/25
"359,050",8/16/2022,1401/05/25
"624,560",8/16/2023,1402/05/25
"142,420",8/17/2019,1398/05/26
"301,140",8/17/2020,1399/05/27
"372,390",8/17/2021,1400/05/26
"362,380",8/17/2022,1401/05/26
"624,560",8/17/2023,1402/05/26
"299,770",8/18/2020,1399/05/28
"362,380",8/18/2022,1401/05/27
"304,020",8/19/2020,1399/05/29
"621,230",8/19/2023,1402/05/28
"304,010",8/2/2020,1399/05/12
"360,000",8/2/2021,1400/05/11
"377,910",8/2/2022,1401/05/11
"640,367",8/2/2023,1402/05/11
"304,020",8/20/2020,1399/05/30
"343,830",8/20/2022,1401/05/29
"376,520",8/21/2021,1400/05/30
"345,530",8/21/2022,1401/05/30
"300,840",8/22/2020,1399/06/01
"381,840",8/22/2021,1400/05/31
"348,240",8/22/2022,1401/05/31
"302,640",8/23/2020,1399/06/02
"381,980",8/23/2021,1400/06/01
"343,560",8/23/2022,1401/06/01
"308,280",8/24/2020,1399/06/03
"384,560",8/24/2021,1400/06/02
"351,850",8/24/2022,1401/06/02
"136,240",8/25/2019,1398/06/03
"310,870",8/25/2020,1399/06/04
"385,690",8/25/2021,1400/06/03
"351,850",8/25/2022,1401/06/03
"137,900",8/26/2019,1398/06/04
"309,500",8/26/2020,1399/06/05
"385,690",8/26/2021,1400/06/04
"138,230",8/27/2019,1398/06/05
"309,500",8/27/2020,1399/06/06
"347,470",8/27/2022,1401/06/05
"138,770",8/28/2019,1398/06/06
"382,720",8/28/2021,1400/06/06
"347,680",8/28/2022,1401/06/06
"139,445",8/29/2019,1398/06/07
"374,970",8/29/2021,1400/06/07
"348,410",8/29/2022,1401/06/07
"304,580",8/3/2020,1399/05/13
"358,770",8/3/2021,1400/05/12
"380,740",8/3/2022,1401/05/12
"635,080",8/3/2023,1402/05/12
"380,090",8/30/2021,1400/06/08
"349,180",8/30/2022,1401/06/08
"139,020",8/31/2019,1398/06/09
"328,100",8/31/2020,1399/06/10
"375,510",8/31/2021,1400/06/09
"345,930",8/31/2022,1401/06/09
"309,500",8/4/2020,1399/05/14
"359,320",8/4/2021,1400/05/13
"380,740",8/4/2022,1401/05/13
"311,960",8/5/2020,1399/05/15
"359,320",8/5/2021,1400/05/14
"632,880",8/5/2023,1402/05/14
"311,960",8/6/2020,1399/05/16
"380,960",8/6/2022,1401/05/15
"634,050",8/6/2023,1402/05/15
"358,840",8/7/2021,1400/05/16
"628,260",8/7/2023,1402/05/16
"361,770",8/8/2021,1400/05/17
"630,050",8/8/2023,1402/05/17
"288,960",8/9/2020,1399/05/19
"366,940",8/9/2021,1400/05/18
"381,820",8/9/2022,1401/05/18
"634,080",8/9/2023,1402/05/18
"137,670",9/1/2019,1398/06/10
"325,260",9/1/2020,1399/06/11
"378,730",9/1/2021,1400/06/10
"345,930",9/1/2022,1401/06/10
"328,550",9/10/2020,1399/06/20
"355,670",9/10/2022,1401/06/19
"144,030",9/11/2019,1398/06/20
"379,490",9/11/2021,1400/06/20
"362,770",9/11/2022,1401/06/20
"142,556",9/12/2019,1398/06/21
"344,010",9/12/2020,1399/06/22
"380,840",9/12/2021,1400/06/21
"365,420",9/12/2022,1401/06/21
"341,140",9/13/2020,1399/06/23
"385,410",9/13/2021,1400/06/22
"363,180",9/13/2022,1401/06/22
"142,060",9/14/2019,1398/06/23
"346,150",9/14/2020,1399/06/24
"380,550",9/14/2021,1400/06/23
"362,580",9/14/2022,1401/06/23
"142,980",9/15/2019,1398/06/24
"350,090",9/15/2020,1399/06/25
"382,040",9/15/2021,1400/06/24
"362,580",9/15/2022,1401/06/24
"144,270",9/16/2019,1398/06/25
"346,860",9/16/2020,1399/06/26
"382,040",9/16/2021,1400/06/25
"144,830",9/17/2019,1398/06/26
"346,860",9/17/2020,1399/06/27
"144,370",9/18/2019,1398/06/27
"379,690",9/18/2021,1400/06/27
"361,090",9/18/2022,1401/06/27
"144,375",9/19/2019,1398/06/28
"352,520",9/19/2020,1399/06/29
"377,840",9/19/2021,1400/06/28
"361,680",9/19/2022,1401/06/28
"138,790",9/2/2019,1398/06/11
"322,840",9/2/2020,1399/06/12
"378,730",9/2/2021,1400/06/11
"348,440",9/20/2020,1399/06/30
"376,580",9/20/2021,1400/06/29
"359,270",9/20/2022,1401/06/29
"143,170",9/21/2019,1398/06/30
"350,720",9/21/2020,1399/06/31
"376,580",9/21/2021,1400/06/30
"357,760",9/21/2022,1401/06/30
"142,260",9/22/2019,1398/06/31
"358,970",9/22/2020,1399/07/01
"378,710",9/22/2021,1400/06/31
"357,760",9/22/2022,1401/06/31
"143,870",9/23/2019,1398/07/01
"367,260",9/23/2020,1399/07/02
"382,030",9/23/2021,1400/07/01
"142,130",9/24/2019,1398/07/02
"367,260",9/24/2020,1399/07/03
"344,540",9/24/2022,1401/07/02
"142,160",9/25/2019,1398/07/03
"379,270",9/25/2021,1400/07/03
"141,999",9/26/2019,1398/07/04
"371,880",9/26/2020,1399/07/05
"380,920",9/26/2021,1400/07/04
"338,140",9/26/2022,1401/07/04
"380,840",9/27/2020,1399/07/06
"141,830",9/28/2019,1398/07/06
"378,120",9/28/2020,1399/07/07
"382,560",9/28/2021,1400/07/06
"348,900",9/28/2022,1401/07/06
"143,360",9/29/2019,1398/07/07
"385,060",9/29/2020,1399/07/08
"381,930",9/29/2021,1400/07/07
"348,900",9/29/2022,1401/07/07
"139,570",9/3/2019,1398/06/12
"322,840",9/3/2020,1399/06/13
"348,660",9/3/2022,1401/06/12
"141,870",9/30/2019,1398/07/08
"387,390",9/30/2020,1399/07/09
"386,150",9/30/2021,1400/07/08
"142,030",9/4/2019,1398/06/13
"377,920",9/4/2021,1400/06/13
"346,400",9/4/2022,1401/06/13
"142,812",9/5/2019,1398/06/14
"328,040",9/5/2020,1399/06/15
"377,390",9/5/2021,1400/06/14
"349,000",9/5/2022,1401/06/14
"325,340",9/6/2020,1399/06/16
"379,770",9/6/2021,1400/06/15
"346,440",9/6/2022,1401/06/15
"144,080",9/7/2019,1398/06/16
"327,860",9/7/2020,1399/06/17
"383,030",9/7/2021,1400/06/16
"349,120",9/7/2022,1401/06/16
"144,510",9/8/2019,1398/06/17
"331,930",9/8/2020,1399/06/18
"387,470",9/8/2021,1400/06/17
"349,120",9/8/2022,1401/06/17
"328,550",9/9/2020,1399/06/19
"387,470",9/9/2021,1400/06/18
